MLP Gating Experiment
Model: mistralai/Mistral-7B-Instruct-v0.3
Trials: 10, Turns: 8
Ablation layers: L18-L31
Start: 2026-06-03T01:28:20.996498

`torch_dtype` is deprecated! Use `dtype` instead!
Loading checkpoint shards:   0%|          | 0/3 [00:00<?, ?it/s]Loading checkpoint shards:  33%|███▎      | 1/3 [00:00<00:01,  1.19it/s]Loading checkpoint shards:  67%|██████▋   | 2/3 [00:01<00:00,  1.34it/s]Loading checkpoint shards: 100%|██████████| 3/3 [00:02<00:00,  1.31it/s]Loading checkpoint shards: 100%|██████████| 3/3 [00:02<00:00,  1.30it/s]
============================================================
  CONDITION: intact (no ablation)
============================================================
  Trial 1/10 (probe 0):
Setting `pad_token_id` to `eos_token_id`:2 for open-end generation.
      Turn 0: H=0.511, tokens=99
Setting `pad_token_id` to `eos_token_id`:2 for open-end generation.
      Turn 1: H=0.754, tokens=168
Setting `pad_token_id` to `eos_token_id`:2 for open-end generation.
      Turn 2: H=1.009, tokens=236
Setting `pad_token_id` to `eos_token_id`:2 for open-end generation.
      Turn 3: H=0.501, tokens=309
Setting `pad_token_id` to `eos_token_id`:2 for open-end generation.
      Turn 4: H=0.628, tokens=378
Setting `pad_token_id` to `eos_token_id`:2 for open-end generation.
      Turn 5: H=0.773, tokens=451
Setting `pad_token_id` to `eos_token_id`:2 for open-end generation.
      Turn 6: H=0.215, tokens=519
Setting `pad_token_id` to `eos_token_id`:2 for open-end generation.
      Turn 7: H=0.684, tokens=591
  Trial 2/10 (probe 1):
Setting `pad_token_id` to `eos_token_id`:2 for open-end generation.
      Turn 0: H=0.905, tokens=101
Setting `pad_token_id` to `eos_token_id`:2 for open-end generation.
      Turn 1: H=0.685, tokens=170
Setting `pad_token_id` to `eos_token_id`:2 for open-end generation.
      Turn 2: H=0.680, tokens=243
Setting `pad_token_id` to `eos_token_id`:2 for open-end generation.
      Turn 3: H=1.020, tokens=312
Setting `pad_token_id` to `eos_token_id`:2 for open-end generation.
      Turn 4: H=0.791, tokens=385
Setting `pad_token_id` to `eos_token_id`:2 for open-end generation.
      Turn 5: H=0.683, tokens=453
Setting `pad_token_id` to `eos_token_id`:2 for open-end generation.
      Turn 6: H=0.764, tokens=525
Setting `pad_token_id` to `eos_token_id`:2 for open-end generation.
      Turn 7: H=0.961, tokens=593
  Trial 3/10 (probe 2):
Setting `pad_token_id` to `eos_token_id`:2 for open-end generation.
      Turn 0: H=0.962, tokens=99
Setting `pad_token_id` to `eos_token_id`:2 for open-end generation.
      Turn 1: H=0.956, tokens=172
Setting `pad_token_id` to `eos_token_id`:2 for open-end generation.
      Turn 2: H=1.108, tokens=241
Setting `pad_token_id` to `eos_token_id`:2 for open-end generation.
      Turn 3: H=1.022, tokens=314
Setting `pad_token_id` to `eos_token_id`:2 for open-end generation.
      Turn 4: H=1.018, tokens=382
Setting `pad_token_id` to `eos_token_id`:2 for open-end generation.
      Turn 5: H=0.971, tokens=454
Setting `pad_token_id` to `eos_token_id`:2 for open-end generation.
      Turn 6: H=0.916, tokens=522
Setting `pad_token_id` to `eos_token_id`:2 for open-end generation.
      Turn 7: H=0.619, tokens=591
  Trial 4/10 (probe 3):
Setting `pad_token_id` to `eos_token_id`:2 for open-end generation.
      Turn 0: H=0.559, tokens=100
Setting `pad_token_id` to `eos_token_id`:2 for open-end generation.
      Turn 1: H=1.432, tokens=169
Setting `pad_token_id` to `eos_token_id`:2 for open-end generation.
      Turn 2: H=0.874, tokens=242
Setting `pad_token_id` to `eos_token_id`:2 for open-end generation.
      Turn 3: H=0.879, tokens=310
Setting `pad_token_id` to `eos_token_id`:2 for open-end generation.
      Turn 4: H=0.639, tokens=382
Setting `pad_token_id` to `eos_token_id`:2 for open-end generation.
      Turn 5: H=0.268, tokens=450
Setting `pad_token_id` to `eos_token_id`:2 for open-end generation.
      Turn 6: H=0.435, tokens=519
Setting `pad_token_id` to `eos_token_id`:2 for open-end generation.
      Turn 7: H=0.249, tokens=587
  Trial 5/10 (probe 4):
Setting `pad_token_id` to `eos_token_id`:2 for open-end generation.
      Turn 0: H=0.865, tokens=100
Setting `pad_token_id` to `eos_token_id`:2 for open-end generation.
      Turn 1: H=0.879, tokens=173
Setting `pad_token_id` to `eos_token_id`:2 for open-end generation.
      Turn 2: H=0.867, tokens=241
Setting `pad_token_id` to `eos_token_id`:2 for open-end generation.
      Turn 3: H=0.932, tokens=313
Setting `pad_token_id` to `eos_token_id`:2 for open-end generation.
      Turn 4: H=0.996, tokens=381
Setting `pad_token_id` to `eos_token_id`:2 for open-end generation.
      Turn 5: H=0.749, tokens=450
Setting `pad_token_id` to `eos_token_id`:2 for open-end generation.
      Turn 6: H=0.157, tokens=518
Setting `pad_token_id` to `eos_token_id`:2 for open-end generation.
      Turn 7: H=0.964, tokens=591
  Trial 6/10 (probe 0):
Setting `pad_token_id` to `eos_token_id`:2 for open-end generation.
      Turn 0: H=0.511, tokens=99
Setting `pad_token_id` to `eos_token_id`:2 for open-end generation.
      Turn 1: H=0.754, tokens=168
Setting `pad_token_id` to `eos_token_id`:2 for open-end generation.
      Turn 2: H=1.009, tokens=236
Setting `pad_token_id` to `eos_token_id`:2 for open-end generation.
      Turn 3: H=0.501, tokens=309
Setting `pad_token_id` to `eos_token_id`:2 for open-end generation.
      Turn 4: H=0.628, tokens=378
Setting `pad_token_id` to `eos_token_id`:2 for open-end generation.
      Turn 5: H=0.773, tokens=451
Setting `pad_token_id` to `eos_token_id`:2 for open-end generation.
      Turn 6: H=0.215, tokens=519
Setting `pad_token_id` to `eos_token_id`:2 for open-end generation.
      Turn 7: H=0.684, tokens=591
  Trial 7/10 (probe 1):
Setting `pad_token_id` to `eos_token_id`:2 for open-end generation.
      Turn 0: H=0.905, tokens=101
Setting `pad_token_id` to `eos_token_id`:2 for open-end generation.
      Turn 1: H=0.685, tokens=170
Setting `pad_token_id` to `eos_token_id`:2 for open-end generation.
      Turn 2: H=0.680, tokens=243
Setting `pad_token_id` to `eos_token_id`:2 for open-end generation.
      Turn 3: H=1.020, tokens=312
Setting `pad_token_id` to `eos_token_id`:2 for open-end generation.
      Turn 4: H=0.791, tokens=385
Setting `pad_token_id` to `eos_token_id`:2 for open-end generation.
      Turn 5: H=0.683, tokens=453
Setting `pad_token_id` to `eos_token_id`:2 for open-end generation.
      Turn 6: H=0.764, tokens=525
Setting `pad_token_id` to `eos_token_id`:2 for open-end generation.
      Turn 7: H=0.961, tokens=593
  Trial 8/10 (probe 2):
Setting `pad_token_id` to `eos_token_id`:2 for open-end generation.
      Turn 0: H=0.962, tokens=99
Setting `pad_token_id` to `eos_token_id`:2 for open-end generation.
      Turn 1: H=0.956, tokens=172
Setting `pad_token_id` to `eos_token_id`:2 for open-end generation.
      Turn 2: H=1.108, tokens=241
Setting `pad_token_id` to `eos_token_id`:2 for open-end generation.
      Turn 3: H=1.022, tokens=314
Setting `pad_token_id` to `eos_token_id`:2 for open-end generation.
      Turn 4: H=1.018, tokens=382
Setting `pad_token_id` to `eos_token_id`:2 for open-end generation.
      Turn 5: H=0.971, tokens=454
Setting `pad_token_id` to `eos_token_id`:2 for open-end generation.
      Turn 6: H=0.916, tokens=522
Setting `pad_token_id` to `eos_token_id`:2 for open-end generation.
      Turn 7: H=0.619, tokens=591
  Trial 9/10 (probe 3):
Setting `pad_token_id` to `eos_token_id`:2 for open-end generation.
      Turn 0: H=0.559, tokens=100
Setting `pad_token_id` to `eos_token_id`:2 for open-end generation.
      Turn 1: H=1.432, tokens=169
Setting `pad_token_id` to `eos_token_id`:2 for open-end generation.
      Turn 2: H=0.874, tokens=242
Setting `pad_token_id` to `eos_token_id`:2 for open-end generation.
      Turn 3: H=0.879, tokens=310
Setting `pad_token_id` to `eos_token_id`:2 for open-end generation.
      Turn 4: H=0.639, tokens=382
Setting `pad_token_id` to `eos_token_id`:2 for open-end generation.
      Turn 5: H=0.268, tokens=450
Setting `pad_token_id` to `eos_token_id`:2 for open-end generation.
      Turn 6: H=0.435, tokens=519
Setting `pad_token_id` to `eos_token_id`:2 for open-end generation.
      Turn 7: H=0.249, tokens=587
  Trial 10/10 (probe 4):
Setting `pad_token_id` to `eos_token_id`:2 for open-end generation.
      Turn 0: H=0.865, tokens=100
Setting `pad_token_id` to `eos_token_id`:2 for open-end generation.
      Turn 1: H=0.879, tokens=173
Setting `pad_token_id` to `eos_token_id`:2 for open-end generation.
      Turn 2: H=0.867, tokens=241
Setting `pad_token_id` to `eos_token_id`:2 for open-end generation.
      Turn 3: H=0.932, tokens=313
Setting `pad_token_id` to `eos_token_id`:2 for open-end generation.
      Turn 4: H=0.996, tokens=381
Setting `pad_token_id` to `eos_token_id`:2 for open-end generation.
      Turn 5: H=0.749, tokens=450
Setting `pad_token_id` to `eos_token_id`:2 for open-end generation.
      Turn 6: H=0.157, tokens=518
Setting `pad_token_id` to `eos_token_id`:2 for open-end generation.
      Turn 7: H=0.964, tokens=591

  Intact concentration at turn 2 (relay zone):
    L18: +0.996
    L19: +0.934
    L20: +0.573
    L21: +0.650
    L22: +0.810
    L23: +0.907
    L24: +0.912
    L25: +0.914
    L26: +0.919
    L27: +0.923
    L28: +0.930
    L29: +0.932
    L30: +0.941
    L31: +0.938
    L32: -0.045

============================================================
  CONDITION: zero_mlp_L18
============================================================
  Trial 1/10 (probe 0):
Setting `pad_token_id` to `eos_token_id`:2 for open-end generation.
      Turn 0: H=0.498, tokens=99
Setting `pad_token_id` to `eos_token_id`:2 for open-end generation.
      Turn 1: H=0.776, tokens=168
Setting `pad_token_id` to `eos_token_id`:2 for open-end generation.
      Turn 2: H=0.804, tokens=236
Setting `pad_token_id` to `eos_token_id`:2 for open-end generation.
      Turn 3: H=0.809, tokens=309
Setting `pad_token_id` to `eos_token_id`:2 for open-end generation.
      Turn 4: H=0.863, tokens=378
Setting `pad_token_id` to `eos_token_id`:2 for open-end generation.
      Turn 5: H=0.569, tokens=451
Setting `pad_token_id` to `eos_token_id`:2 for open-end generation.
      Turn 6: H=0.286, tokens=519
Setting `pad_token_id` to `eos_token_id`:2 for open-end generation.
      Turn 7: H=0.803, tokens=591
  Trial 2/10 (probe 1):
Setting `pad_token_id` to `eos_token_id`:2 for open-end generation.
      Turn 0: H=0.763, tokens=101
Setting `pad_token_id` to `eos_token_id`:2 for open-end generation.
      Turn 1: H=0.848, tokens=170
Setting `pad_token_id` to `eos_token_id`:2 for open-end generation.
      Turn 2: H=0.731, tokens=243
Setting `pad_token_id` to `eos_token_id`:2 for open-end generation.
      Turn 3: H=0.681, tokens=312
Setting `pad_token_id` to `eos_token_id`:2 for open-end generation.
      Turn 4: H=0.719, tokens=385
Setting `pad_token_id` to `eos_token_id`:2 for open-end generation.
      Turn 5: H=0.176, tokens=453
Setting `pad_token_id` to `eos_token_id`:2 for open-end generation.
      Turn 6: H=0.266, tokens=525
Setting `pad_token_id` to `eos_token_id`:2 for open-end generation.
      Turn 7: H=0.172, tokens=593
  Trial 3/10 (probe 2):
Setting `pad_token_id` to `eos_token_id`:2 for open-end generation.
      Turn 0: H=0.779, tokens=99
Setting `pad_token_id` to `eos_token_id`:2 for open-end generation.
      Turn 1: H=1.121, tokens=172
Setting `pad_token_id` to `eos_token_id`:2 for open-end generation.
      Turn 2: H=1.176, tokens=241
Setting `pad_token_id` to `eos_token_id`:2 for open-end generation.
      Turn 3: H=0.693, tokens=314
Setting `pad_token_id` to `eos_token_id`:2 for open-end generation.
      Turn 4: H=0.856, tokens=382
Setting `pad_token_id` to `eos_token_id`:2 for open-end generation.
      Turn 5: H=0.877, tokens=454
Setting `pad_token_id` to `eos_token_id`:2 for open-end generation.
      Turn 6: H=1.003, tokens=522
Setting `pad_token_id` to `eos_token_id`:2 for open-end generation.
      Turn 7: H=0.476, tokens=591
  Trial 4/10 (probe 3):
Setting `pad_token_id` to `eos_token_id`:2 for open-end generation.
      Turn 0: H=0.536, tokens=100
Setting `pad_token_id` to `eos_token_id`:2 for open-end generation.
      Turn 1: H=1.147, tokens=169
Setting `pad_token_id` to `eos_token_id`:2 for open-end generation.
      Turn 2: H=0.738, tokens=242
Setting `pad_token_id` to `eos_token_id`:2 for open-end generation.
      Turn 3: H=0.833, tokens=310
Setting `pad_token_id` to `eos_token_id`:2 for open-end generation.
      Turn 4: H=0.878, tokens=382
Setting `pad_token_id` to `eos_token_id`:2 for open-end generation.
      Turn 5: H=0.620, tokens=450
Setting `pad_token_id` to `eos_token_id`:2 for open-end generation.
      Turn 6: H=0.387, tokens=519
Setting `pad_token_id` to `eos_token_id`:2 for open-end generation.
      Turn 7: H=0.270, tokens=587
  Trial 5/10 (probe 4):
Setting `pad_token_id` to `eos_token_id`:2 for open-end generation.
      Turn 0: H=0.694, tokens=100
Setting `pad_token_id` to `eos_token_id`:2 for open-end generation.
      Turn 1: H=0.839, tokens=173
Setting `pad_token_id` to `eos_token_id`:2 for open-end generation.
      Turn 2: H=0.667, tokens=241
Setting `pad_token_id` to `eos_token_id`:2 for open-end generation.
      Turn 3: H=0.970, tokens=313
Setting `pad_token_id` to `eos_token_id`:2 for open-end generation.
      Turn 4: H=1.203, tokens=381
Setting `pad_token_id` to `eos_token_id`:2 for open-end generation.
      Turn 5: H=0.457, tokens=450
Setting `pad_token_id` to `eos_token_id`:2 for open-end generation.
      Turn 6: H=0.143, tokens=518
Setting `pad_token_id` to `eos_token_id`:2 for open-end generation.
      Turn 7: H=0.596, tokens=591
  Trial 6/10 (probe 0):
Setting `pad_token_id` to `eos_token_id`:2 for open-end generation.
      Turn 0: H=0.498, tokens=99
Setting `pad_token_id` to `eos_token_id`:2 for open-end generation.
      Turn 1: H=0.776, tokens=168
Setting `pad_token_id` to `eos_token_id`:2 for open-end generation.
      Turn 2: H=0.804, tokens=236
Setting `pad_token_id` to `eos_token_id`:2 for open-end generation.
      Turn 3: H=0.809, tokens=309
Setting `pad_token_id` to `eos_token_id`:2 for open-end generation.
      Turn 4: H=0.863, tokens=378
Setting `pad_token_id` to `eos_token_id`:2 for open-end generation.
      Turn 5: H=0.569, tokens=451
Setting `pad_token_id` to `eos_token_id`:2 for open-end generation.
      Turn 6: H=0.286, tokens=519
Setting `pad_token_id` to `eos_token_id`:2 for open-end generation.
      Turn 7: H=0.803, tokens=591
  Trial 7/10 (probe 1):
Setting `pad_token_id` to `eos_token_id`:2 for open-end generation.
      Turn 0: H=0.763, tokens=101
Setting `pad_token_id` to `eos_token_id`:2 for open-end generation.
      Turn 1: H=0.848, tokens=170
Setting `pad_token_id` to `eos_token_id`:2 for open-end generation.
      Turn 2: H=0.731, tokens=243
Setting `pad_token_id` to `eos_token_id`:2 for open-end generation.
      Turn 3: H=0.681, tokens=312
Setting `pad_token_id` to `eos_token_id`:2 for open-end generation.
      Turn 4: H=0.719, tokens=385
Setting `pad_token_id` to `eos_token_id`:2 for open-end generation.
      Turn 5: H=0.176, tokens=453
Setting `pad_token_id` to `eos_token_id`:2 for open-end generation.
      Turn 6: H=0.266, tokens=525
Setting `pad_token_id` to `eos_token_id`:2 for open-end generation.
      Turn 7: H=0.172, tokens=593
  Trial 8/10 (probe 2):
Setting `pad_token_id` to `eos_token_id`:2 for open-end generation.
      Turn 0: H=0.779, tokens=99
Setting `pad_token_id` to `eos_token_id`:2 for open-end generation.
      Turn 1: H=1.121, tokens=172
Setting `pad_token_id` to `eos_token_id`:2 for open-end generation.
      Turn 2: H=1.176, tokens=241
Setting `pad_token_id` to `eos_token_id`:2 for open-end generation.
      Turn 3: H=0.693, tokens=314
Setting `pad_token_id` to `eos_token_id`:2 for open-end generation.
      Turn 4: H=0.856, tokens=382
Setting `pad_token_id` to `eos_token_id`:2 for open-end generation.
      Turn 5: H=0.877, tokens=454
Setting `pad_token_id` to `eos_token_id`:2 for open-end generation.
      Turn 6: H=1.003, tokens=522
Setting `pad_token_id` to `eos_token_id`:2 for open-end generation.
      Turn 7: H=0.476, tokens=591
  Trial 9/10 (probe 3):
Setting `pad_token_id` to `eos_token_id`:2 for open-end generation.
      Turn 0: H=0.536, tokens=100
Setting `pad_token_id` to `eos_token_id`:2 for open-end generation.
      Turn 1: H=1.147, tokens=169
Setting `pad_token_id` to `eos_token_id`:2 for open-end generation.
      Turn 2: H=0.738, tokens=242
Setting `pad_token_id` to `eos_token_id`:2 for open-end generation.
      Turn 3: H=0.833, tokens=310
Setting `pad_token_id` to `eos_token_id`:2 for open-end generation.
      Turn 4: H=0.878, tokens=382
Setting `pad_token_id` to `eos_token_id`:2 for open-end generation.
      Turn 5: H=0.620, tokens=450
Setting `pad_token_id` to `eos_token_id`:2 for open-end generation.
      Turn 6: H=0.387, tokens=519
Setting `pad_token_id` to `eos_token_id`:2 for open-end generation.
      Turn 7: H=0.270, tokens=587
  Trial 10/10 (probe 4):
Setting `pad_token_id` to `eos_token_id`:2 for open-end generation.
      Turn 0: H=0.694, tokens=100
Setting `pad_token_id` to `eos_token_id`:2 for open-end generation.
      Turn 1: H=0.839, tokens=173
Setting `pad_token_id` to `eos_token_id`:2 for open-end generation.
      Turn 2: H=0.667, tokens=241
Setting `pad_token_id` to `eos_token_id`:2 for open-end generation.
      Turn 3: H=0.970, tokens=313
Setting `pad_token_id` to `eos_token_id`:2 for open-end generation.
      Turn 4: H=1.203, tokens=381
Setting `pad_token_id` to `eos_token_id`:2 for open-end generation.
      Turn 5: H=0.457, tokens=450
Setting `pad_token_id` to `eos_token_id`:2 for open-end generation.
      Turn 6: H=0.143, tokens=518
Setting `pad_token_id` to `eos_token_id`:2 for open-end generation.
      Turn 7: H=0.596, tokens=591

  Concentration at turn 2 (relay zone):
    L18: +1.000 (Δ=+0.004)
    L19: +0.999 (Δ=+0.066)
    L20: +0.998 (Δ=+0.425) ◄ DISRUPTED
    L21: +0.987 (Δ=+0.337) ◄ DISRUPTED
    L22: +0.827 (Δ=+0.017)
    L23: +0.844 (Δ=-0.062)
    L24: +0.288 (Δ=-0.624) ◄ DISRUPTED
    L25: +0.887 (Δ=-0.027)
    L26: +0.895 (Δ=-0.024)
    L27: +0.902 (Δ=-0.021)
    L28: +0.914 (Δ=-0.016)
    L29: +0.921 (Δ=-0.011)
    L30: +0.936 (Δ=-0.005)
    L31: +0.940 (Δ=+0.001)
    L32: +0.013 (Δ=+0.057)

============================================================
  CONDITION: zero_attn_L18
============================================================
  Trial 1/10 (probe 0):
Setting `pad_token_id` to `eos_token_id`:2 for open-end generation.
      Turn 0: H=0.809, tokens=99
Setting `pad_token_id` to `eos_token_id`:2 for open-end generation.
      Turn 1: H=1.152, tokens=168
Setting `pad_token_id` to `eos_token_id`:2 for open-end generation.
      Turn 2: H=0.859, tokens=236
Setting `pad_token_id` to `eos_token_id`:2 for open-end generation.
      Turn 3: H=1.037, tokens=307
Setting `pad_token_id` to `eos_token_id`:2 for open-end generation.
      Turn 4: H=0.716, tokens=376
Setting `pad_token_id` to `eos_token_id`:2 for open-end generation.
      Turn 5: H=0.628, tokens=449
Setting `pad_token_id` to `eos_token_id`:2 for open-end generation.
      Turn 6: H=0.685, tokens=517
Setting `pad_token_id` to `eos_token_id`:2 for open-end generation.
      Turn 7: H=1.014, tokens=589
  Trial 2/10 (probe 1):
Setting `pad_token_id` to `eos_token_id`:2 for open-end generation.
      Turn 0: H=0.754, tokens=101
Setting `pad_token_id` to `eos_token_id`:2 for open-end generation.
      Turn 1: H=0.774, tokens=170
Setting `pad_token_id` to `eos_token_id`:2 for open-end generation.
      Turn 2: H=0.952, tokens=243
Setting `pad_token_id` to `eos_token_id`:2 for open-end generation.
      Turn 3: H=0.902, tokens=312
Setting `pad_token_id` to `eos_token_id`:2 for open-end generation.
      Turn 4: H=0.500, tokens=385
Setting `pad_token_id` to `eos_token_id`:2 for open-end generation.
      Turn 5: H=0.877, tokens=453
Setting `pad_token_id` to `eos_token_id`:2 for open-end generation.
      Turn 6: H=0.690, tokens=525
Setting `pad_token_id` to `eos_token_id`:2 for open-end generation.
      Turn 7: H=0.667, tokens=593
  Trial 3/10 (probe 2):
Setting `pad_token_id` to `eos_token_id`:2 for open-end generation.
      Turn 0: H=0.857, tokens=99
Setting `pad_token_id` to `eos_token_id`:2 for open-end generation.
      Turn 1: H=1.303, tokens=172
Setting `pad_token_id` to `eos_token_id`:2 for open-end generation.
      Turn 2: H=1.209, tokens=241
Setting `pad_token_id` to `eos_token_id`:2 for open-end generation.
      Turn 3: H=0.773, tokens=314
Setting `pad_token_id` to `eos_token_id`:2 for open-end generation.
      Turn 4: H=0.776, tokens=380
Setting `pad_token_id` to `eos_token_id`:2 for open-end generation.
      Turn 5: H=0.847, tokens=452
Setting `pad_token_id` to `eos_token_id`:2 for open-end generation.
      Turn 6: H=0.690, tokens=520
Setting `pad_token_id` to `eos_token_id`:2 for open-end generation.
      Turn 7: H=0.743, tokens=589
  Trial 4/10 (probe 3):
Setting `pad_token_id` to `eos_token_id`:2 for open-end generation.
      Turn 0: H=0.553, tokens=100
Setting `pad_token_id` to `eos_token_id`:2 for open-end generation.
      Turn 1: H=1.383, tokens=169
Setting `pad_token_id` to `eos_token_id`:2 for open-end generation.
      Turn 2: H=0.957, tokens=242
Setting `pad_token_id` to `eos_token_id`:2 for open-end generation.
      Turn 3: H=0.762, tokens=310
Setting `pad_token_id` to `eos_token_id`:2 for open-end generation.
      Turn 4: H=0.840, tokens=382
Setting `pad_token_id` to `eos_token_id`:2 for open-end generation.
      Turn 5: H=1.213, tokens=450
Setting `pad_token_id` to `eos_token_id`:2 for open-end generation.
      Turn 6: H=0.577, tokens=519
Setting `pad_token_id` to `eos_token_id`:2 for open-end generation.
      Turn 7: H=0.359, tokens=587
  Trial 5/10 (probe 4):
Setting `pad_token_id` to `eos_token_id`:2 for open-end generation.
      Turn 0: H=1.070, tokens=100
Setting `pad_token_id` to `eos_token_id`:2 for open-end generation.
      Turn 1: H=0.884, tokens=173
Setting `pad_token_id` to `eos_token_id`:2 for open-end generation.
      Turn 2: H=0.964, tokens=241
Setting `pad_token_id` to `eos_token_id`:2 for open-end generation.
      Turn 3: H=0.903, tokens=313
Setting `pad_token_id` to `eos_token_id`:2 for open-end generation.
      Turn 4: H=1.206, tokens=381
Setting `pad_token_id` to `eos_token_id`:2 for open-end generation.
      Turn 5: H=0.278, tokens=450
Setting `pad_token_id` to `eos_token_id`:2 for open-end generation.
      Turn 6: H=1.039, tokens=518
Setting `pad_token_id` to `eos_token_id`:2 for open-end generation.
      Turn 7: H=0.528, tokens=591
  Trial 6/10 (probe 0):
Setting `pad_token_id` to `eos_token_id`:2 for open-end generation.
      Turn 0: H=0.809, tokens=99
Setting `pad_token_id` to `eos_token_id`:2 for open-end generation.
      Turn 1: H=1.152, tokens=168
Setting `pad_token_id` to `eos_token_id`:2 for open-end generation.
      Turn 2: H=0.859, tokens=236
Setting `pad_token_id` to `eos_token_id`:2 for open-end generation.
      Turn 3: H=1.037, tokens=307
Setting `pad_token_id` to `eos_token_id`:2 for open-end generation.
      Turn 4: H=0.716, tokens=376
Setting `pad_token_id` to `eos_token_id`:2 for open-end generation.
      Turn 5: H=0.628, tokens=449
Setting `pad_token_id` to `eos_token_id`:2 for open-end generation.
      Turn 6: H=0.685, tokens=517
Setting `pad_token_id` to `eos_token_id`:2 for open-end generation.
      Turn 7: H=1.014, tokens=589
  Trial 7/10 (probe 1):
Setting `pad_token_id` to `eos_token_id`:2 for open-end generation.
      Turn 0: H=0.754, tokens=101
Setting `pad_token_id` to `eos_token_id`:2 for open-end generation.
      Turn 1: H=0.774, tokens=170
Setting `pad_token_id` to `eos_token_id`:2 for open-end generation.
      Turn 2: H=0.952, tokens=243
Setting `pad_token_id` to `eos_token_id`:2 for open-end generation.
      Turn 3: H=0.902, tokens=312
Setting `pad_token_id` to `eos_token_id`:2 for open-end generation.
      Turn 4: H=0.500, tokens=385
Setting `pad_token_id` to `eos_token_id`:2 for open-end generation.
      Turn 5: H=0.877, tokens=453
Setting `pad_token_id` to `eos_token_id`:2 for open-end generation.
      Turn 6: H=0.690, tokens=525
Setting `pad_token_id` to `eos_token_id`:2 for open-end generation.
      Turn 7: H=0.667, tokens=593
  Trial 8/10 (probe 2):
Setting `pad_token_id` to `eos_token_id`:2 for open-end generation.
      Turn 0: H=0.857, tokens=99
Setting `pad_token_id` to `eos_token_id`:2 for open-end generation.
      Turn 1: H=1.303, tokens=172
Setting `pad_token_id` to `eos_token_id`:2 for open-end generation.
      Turn 2: H=1.209, tokens=241
Setting `pad_token_id` to `eos_token_id`:2 for open-end generation.
      Turn 3: H=0.773, tokens=314
Setting `pad_token_id` to `eos_token_id`:2 for open-end generation.
      Turn 4: H=0.776, tokens=380
Setting `pad_token_id` to `eos_token_id`:2 for open-end generation.
      Turn 5: H=0.847, tokens=452
Setting `pad_token_id` to `eos_token_id`:2 for open-end generation.
      Turn 6: H=0.690, tokens=520
Setting `pad_token_id` to `eos_token_id`:2 for open-end generation.
      Turn 7: H=0.743, tokens=589
  Trial 9/10 (probe 3):
Setting `pad_token_id` to `eos_token_id`:2 for open-end generation.
      Turn 0: H=0.553, tokens=100
Setting `pad_token_id` to `eos_token_id`:2 for open-end generation.
      Turn 1: H=1.383, tokens=169
Setting `pad_token_id` to `eos_token_id`:2 for open-end generation.
      Turn 2: H=0.957, tokens=242
Setting `pad_token_id` to `eos_token_id`:2 for open-end generation.
      Turn 3: H=0.762, tokens=310
Setting `pad_token_id` to `eos_token_id`:2 for open-end generation.
      Turn 4: H=0.840, tokens=382
Setting `pad_token_id` to `eos_token_id`:2 for open-end generation.
      Turn 5: H=1.213, tokens=450
Setting `pad_token_id` to `eos_token_id`:2 for open-end generation.
      Turn 6: H=0.577, tokens=519
Setting `pad_token_id` to `eos_token_id`:2 for open-end generation.
      Turn 7: H=0.359, tokens=587
  Trial 10/10 (probe 4):
Setting `pad_token_id` to `eos_token_id`:2 for open-end generation.
      Turn 0: H=1.070, tokens=100
Setting `pad_token_id` to `eos_token_id`:2 for open-end generation.
      Turn 1: H=0.884, tokens=173
Setting `pad_token_id` to `eos_token_id`:2 for open-end generation.
      Turn 2: H=0.964, tokens=241
Setting `pad_token_id` to `eos_token_id`:2 for open-end generation.
      Turn 3: H=0.903, tokens=313
Setting `pad_token_id` to `eos_token_id`:2 for open-end generation.
      Turn 4: H=1.206, tokens=381
Setting `pad_token_id` to `eos_token_id`:2 for open-end generation.
      Turn 5: H=0.278, tokens=450
Setting `pad_token_id` to `eos_token_id`:2 for open-end generation.
      Turn 6: H=1.039, tokens=518
Setting `pad_token_id` to `eos_token_id`:2 for open-end generation.
      Turn 7: H=0.528, tokens=591

  Concentration at turn 2 (relay zone):
    L18: +0.995 (Δ=-0.001)
    L19: +0.991 (Δ=+0.057)
    L20: +0.546 (Δ=-0.027)
    L21: +0.583 (Δ=-0.067)
    L22: +0.891 (Δ=+0.080)
    L23: +0.925 (Δ=+0.018)
    L24: +0.930 (Δ=+0.018)
    L25: +0.929 (Δ=+0.015)
    L26: +0.933 (Δ=+0.014)
    L27: +0.936 (Δ=+0.013)
    L28: +0.941 (Δ=+0.011)
    L29: +0.943 (Δ=+0.011)
    L30: +0.950 (Δ=+0.009)
    L31: +0.930 (Δ=-0.009)
    L32: +0.221 (Δ=+0.265) ◄ DISRUPTED

============================================================
  CONDITION: zero_mlp_L19
============================================================
  Trial 1/10 (probe 0):
Setting `pad_token_id` to `eos_token_id`:2 for open-end generation.
      Turn 0: H=0.913, tokens=99
Setting `pad_token_id` to `eos_token_id`:2 for open-end generation.
      Turn 1: H=0.867, tokens=168
Setting `pad_token_id` to `eos_token_id`:2 for open-end generation.
      Turn 2: H=1.017, tokens=236
Setting `pad_token_id` to `eos_token_id`:2 for open-end generation.
      Turn 3: H=0.989, tokens=309
Setting `pad_token_id` to `eos_token_id`:2 for open-end generation.
      Turn 4: H=0.863, tokens=378
Setting `pad_token_id` to `eos_token_id`:2 for open-end generation.
      Turn 5: H=0.594, tokens=451
Setting `pad_token_id` to `eos_token_id`:2 for open-end generation.
      Turn 6: H=0.871, tokens=519
Setting `pad_token_id` to `eos_token_id`:2 for open-end generation.
      Turn 7: H=1.024, tokens=591
  Trial 2/10 (probe 1):
Setting `pad_token_id` to `eos_token_id`:2 for open-end generation.
      Turn 0: H=0.778, tokens=101
Setting `pad_token_id` to `eos_token_id`:2 for open-end generation.
      Turn 1: H=1.327, tokens=170
Setting `pad_token_id` to `eos_token_id`:2 for open-end generation.
      Turn 2: H=1.161, tokens=243
Setting `pad_token_id` to `eos_token_id`:2 for open-end generation.
      Turn 3: H=0.988, tokens=312
Setting `pad_token_id` to `eos_token_id`:2 for open-end generation.
      Turn 4: H=0.361, tokens=385
Setting `pad_token_id` to `eos_token_id`:2 for open-end generation.
      Turn 5: H=0.380, tokens=453
Setting `pad_token_id` to `eos_token_id`:2 for open-end generation.
      Turn 6: H=0.513, tokens=525
Setting `pad_token_id` to `eos_token_id`:2 for open-end generation.
      Turn 7: H=0.546, tokens=593
  Trial 3/10 (probe 2):
Setting `pad_token_id` to `eos_token_id`:2 for open-end generation.
      Turn 0: H=1.265, tokens=99
Setting `pad_token_id` to `eos_token_id`:2 for open-end generation.
      Turn 1: H=0.910, tokens=172
Setting `pad_token_id` to `eos_token_id`:2 for open-end generation.
      Turn 2: H=0.681, tokens=241
Setting `pad_token_id` to `eos_token_id`:2 for open-end generation.
      Turn 3: H=0.980, tokens=314
Setting `pad_token_id` to `eos_token_id`:2 for open-end generation.
      Turn 4: H=1.111, tokens=382
Setting `pad_token_id` to `eos_token_id`:2 for open-end generation.
      Turn 5: H=0.639, tokens=454
Setting `pad_token_id` to `eos_token_id`:2 for open-end generation.
      Turn 6: H=1.147, tokens=522
Setting `pad_token_id` to `eos_token_id`:2 for open-end generation.
      Turn 7: H=0.561, tokens=591
  Trial 4/10 (probe 3):
Setting `pad_token_id` to `eos_token_id`:2 for open-end generation.
      Turn 0: H=0.746, tokens=100
Setting `pad_token_id` to `eos_token_id`:2 for open-end generation.
      Turn 1: H=1.194, tokens=169
Setting `pad_token_id` to `eos_token_id`:2 for open-end generation.
      Turn 2: H=0.872, tokens=242
Setting `pad_token_id` to `eos_token_id`:2 for open-end generation.
      Turn 3: H=1.093, tokens=310
Setting `pad_token_id` to `eos_token_id`:2 for open-end generation.
      Turn 4: H=0.854, tokens=382
Setting `pad_token_id` to `eos_token_id`:2 for open-end generation.
      Turn 5: H=0.943, tokens=450
Setting `pad_token_id` to `eos_token_id`:2 for open-end generation.
      Turn 6: H=0.193, tokens=519
Setting `pad_token_id` to `eos_token_id`:2 for open-end generation.
      Turn 7: H=0.099, tokens=587
  Trial 5/10 (probe 4):
Setting `pad_token_id` to `eos_token_id`:2 for open-end generation.
      Turn 0: H=1.225, tokens=100
Setting `pad_token_id` to `eos_token_id`:2 for open-end generation.
      Turn 1: H=0.657, tokens=173
Setting `pad_token_id` to `eos_token_id`:2 for open-end generation.
      Turn 2: H=1.325, tokens=241
Setting `pad_token_id` to `eos_token_id`:2 for open-end generation.
      Turn 3: H=0.987, tokens=313
Setting `pad_token_id` to `eos_token_id`:2 for open-end generation.
      Turn 4: H=1.080, tokens=381
Setting `pad_token_id` to `eos_token_id`:2 for open-end generation.
      Turn 5: H=0.605, tokens=450
Setting `pad_token_id` to `eos_token_id`:2 for open-end generation.
      Turn 6: H=0.177, tokens=518
Setting `pad_token_id` to `eos_token_id`:2 for open-end generation.
      Turn 7: H=0.491, tokens=591
  Trial 6/10 (probe 0):
Setting `pad_token_id` to `eos_token_id`:2 for open-end generation.
      Turn 0: H=0.913, tokens=99
Setting `pad_token_id` to `eos_token_id`:2 for open-end generation.
      Turn 1: H=0.867, tokens=168
Setting `pad_token_id` to `eos_token_id`:2 for open-end generation.
      Turn 2: H=1.017, tokens=236
Setting `pad_token_id` to `eos_token_id`:2 for open-end generation.
      Turn 3: H=0.989, tokens=309
Setting `pad_token_id` to `eos_token_id`:2 for open-end generation.
      Turn 4: H=0.863, tokens=378
Setting `pad_token_id` to `eos_token_id`:2 for open-end generation.
      Turn 5: H=0.594, tokens=451
Setting `pad_token_id` to `eos_token_id`:2 for open-end generation.
      Turn 6: H=0.871, tokens=519
Setting `pad_token_id` to `eos_token_id`:2 for open-end generation.
      Turn 7: H=1.024, tokens=591
  Trial 7/10 (probe 1):
Setting `pad_token_id` to `eos_token_id`:2 for open-end generation.
      Turn 0: H=0.778, tokens=101
Setting `pad_token_id` to `eos_token_id`:2 for open-end generation.
      Turn 1: H=1.327, tokens=170
Setting `pad_token_id` to `eos_token_id`:2 for open-end generation.
      Turn 2: H=1.161, tokens=243
Setting `pad_token_id` to `eos_token_id`:2 for open-end generation.
      Turn 3: H=0.988, tokens=312
Setting `pad_token_id` to `eos_token_id`:2 for open-end generation.
      Turn 4: H=0.361, tokens=385
Setting `pad_token_id` to `eos_token_id`:2 for open-end generation.
      Turn 5: H=0.380, tokens=453
Setting `pad_token_id` to `eos_token_id`:2 for open-end generation.
      Turn 6: H=0.513, tokens=525
Setting `pad_token_id` to `eos_token_id`:2 for open-end generation.
      Turn 7: H=0.546, tokens=593
  Trial 8/10 (probe 2):
Setting `pad_token_id` to `eos_token_id`:2 for open-end generation.
      Turn 0: H=1.265, tokens=99
Setting `pad_token_id` to `eos_token_id`:2 for open-end generation.
      Turn 1: H=0.910, tokens=172
Setting `pad_token_id` to `eos_token_id`:2 for open-end generation.
      Turn 2: H=0.681, tokens=241
Setting `pad_token_id` to `eos_token_id`:2 for open-end generation.
      Turn 3: H=0.980, tokens=314
Setting `pad_token_id` to `eos_token_id`:2 for open-end generation.
      Turn 4: H=1.111, tokens=382
Setting `pad_token_id` to `eos_token_id`:2 for open-end generation.
      Turn 5: H=0.639, tokens=454
Setting `pad_token_id` to `eos_token_id`:2 for open-end generation.
      Turn 6: H=1.147, tokens=522
Setting `pad_token_id` to `eos_token_id`:2 for open-end generation.
      Turn 7: H=0.561, tokens=591
  Trial 9/10 (probe 3):
Setting `pad_token_id` to `eos_token_id`:2 for open-end generation.
      Turn 0: H=0.746, tokens=100
Setting `pad_token_id` to `eos_token_id`:2 for open-end generation.
      Turn 1: H=1.194, tokens=169
Setting `pad_token_id` to `eos_token_id`:2 for open-end generation.
      Turn 2: H=0.872, tokens=242
Setting `pad_token_id` to `eos_token_id`:2 for open-end generation.
      Turn 3: H=1.093, tokens=310
Setting `pad_token_id` to `eos_token_id`:2 for open-end generation.
      Turn 4: H=0.854, tokens=382
Setting `pad_token_id` to `eos_token_id`:2 for open-end generation.
      Turn 5: H=0.943, tokens=450
Setting `pad_token_id` to `eos_token_id`:2 for open-end generation.
      Turn 6: H=0.193, tokens=519
Setting `pad_token_id` to `eos_token_id`:2 for open-end generation.
      Turn 7: H=0.099, tokens=587
  Trial 10/10 (probe 4):
Setting `pad_token_id` to `eos_token_id`:2 for open-end generation.
      Turn 0: H=1.225, tokens=100
Setting `pad_token_id` to `eos_token_id`:2 for open-end generation.
      Turn 1: H=0.657, tokens=173
Setting `pad_token_id` to `eos_token_id`:2 for open-end generation.
      Turn 2: H=1.325, tokens=241
Setting `pad_token_id` to `eos_token_id`:2 for open-end generation.
      Turn 3: H=0.987, tokens=313
Setting `pad_token_id` to `eos_token_id`:2 for open-end generation.
      Turn 4: H=1.080, tokens=381
Setting `pad_token_id` to `eos_token_id`:2 for open-end generation.
      Turn 5: H=0.605, tokens=450
Setting `pad_token_id` to `eos_token_id`:2 for open-end generation.
      Turn 6: H=0.177, tokens=518
Setting `pad_token_id` to `eos_token_id`:2 for open-end generation.
      Turn 7: H=0.491, tokens=591

  Concentration at turn 2 (relay zone):
    L18: +0.997 (Δ=+0.001)
    L19: +0.985 (Δ=+0.051)
    L20: +0.765 (Δ=+0.192)
    L21: +0.622 (Δ=-0.028)
    L22: +0.667 (Δ=-0.143)
    L23: +0.843 (Δ=-0.064)
    L24: +0.871 (Δ=-0.041)
    L25: +0.875 (Δ=-0.039)
    L26: +0.882 (Δ=-0.037)
    L27: +0.892 (Δ=-0.031)
    L28: +0.904 (Δ=-0.026)
    L29: +0.262 (Δ=-0.670) ◄ DISRUPTED
    L30: +0.928 (Δ=-0.013)
    L31: +0.933 (Δ=-0.005)
    L32: +0.137 (Δ=+0.181)

============================================================
  CONDITION: zero_attn_L19
============================================================
  Trial 1/10 (probe 0):
Setting `pad_token_id` to `eos_token_id`:2 for open-end generation.
      Turn 0: H=0.508, tokens=99
Setting `pad_token_id` to `eos_token_id`:2 for open-end generation.
      Turn 1: H=0.659, tokens=168
Setting `pad_token_id` to `eos_token_id`:2 for open-end generation.
      Turn 2: H=0.639, tokens=236
Setting `pad_token_id` to `eos_token_id`:2 for open-end generation.
      Turn 3: H=0.365, tokens=309
Setting `pad_token_id` to `eos_token_id`:2 for open-end generation.
      Turn 4: H=0.660, tokens=378
Setting `pad_token_id` to `eos_token_id`:2 for open-end generation.
      Turn 5: H=0.613, tokens=451
Setting `pad_token_id` to `eos_token_id`:2 for open-end generation.
      Turn 6: H=0.394, tokens=519
Setting `pad_token_id` to `eos_token_id`:2 for open-end generation.
      Turn 7: H=0.515, tokens=591
  Trial 2/10 (probe 1):
Setting `pad_token_id` to `eos_token_id`:2 for open-end generation.
      Turn 0: H=0.705, tokens=101
Setting `pad_token_id` to `eos_token_id`:2 for open-end generation.
      Turn 1: H=1.100, tokens=170
Setting `pad_token_id` to `eos_token_id`:2 for open-end generation.
      Turn 2: H=0.940, tokens=243
Setting `pad_token_id` to `eos_token_id`:2 for open-end generation.
      Turn 3: H=0.921, tokens=312
Setting `pad_token_id` to `eos_token_id`:2 for open-end generation.
      Turn 4: H=0.644, tokens=385
Setting `pad_token_id` to `eos_token_id`:2 for open-end generation.
      Turn 5: H=0.324, tokens=453
Setting `pad_token_id` to `eos_token_id`:2 for open-end generation.
      Turn 6: H=0.240, tokens=525
Setting `pad_token_id` to `eos_token_id`:2 for open-end generation.
      Turn 7: H=0.155, tokens=593
  Trial 3/10 (probe 2):
Setting `pad_token_id` to `eos_token_id`:2 for open-end generation.
      Turn 0: H=0.960, tokens=99
Setting `pad_token_id` to `eos_token_id`:2 for open-end generation.
      Turn 1: H=1.095, tokens=172
Setting `pad_token_id` to `eos_token_id`:2 for open-end generation.
      Turn 2: H=0.955, tokens=241
Setting `pad_token_id` to `eos_token_id`:2 for open-end generation.
      Turn 3: H=1.091, tokens=314
Setting `pad_token_id` to `eos_token_id`:2 for open-end generation.
      Turn 4: H=1.193, tokens=382
Setting `pad_token_id` to `eos_token_id`:2 for open-end generation.
      Turn 5: H=0.775, tokens=454
Setting `pad_token_id` to `eos_token_id`:2 for open-end generation.
      Turn 6: H=0.715, tokens=522
Setting `pad_token_id` to `eos_token_id`:2 for open-end generation.
      Turn 7: H=0.553, tokens=591
  Trial 4/10 (probe 3):
Setting `pad_token_id` to `eos_token_id`:2 for open-end generation.
      Turn 0: H=0.851, tokens=100
Setting `pad_token_id` to `eos_token_id`:2 for open-end generation.
      Turn 1: H=1.222, tokens=169
Setting `pad_token_id` to `eos_token_id`:2 for open-end generation.
      Turn 2: H=1.086, tokens=242
Setting `pad_token_id` to `eos_token_id`:2 for open-end generation.
      Turn 3: H=0.970, tokens=310
Setting `pad_token_id` to `eos_token_id`:2 for open-end generation.
      Turn 4: H=0.631, tokens=382
Setting `pad_token_id` to `eos_token_id`:2 for open-end generation.
      Turn 5: H=1.041, tokens=450
Setting `pad_token_id` to `eos_token_id`:2 for open-end generation.
      Turn 6: H=0.631, tokens=519
Setting `pad_token_id` to `eos_token_id`:2 for open-end generation.
      Turn 7: H=0.152, tokens=587
  Trial 5/10 (probe 4):
Setting `pad_token_id` to `eos_token_id`:2 for open-end generation.
      Turn 0: H=0.966, tokens=100
Setting `pad_token_id` to `eos_token_id`:2 for open-end generation.
      Turn 1: H=0.978, tokens=173
Setting `pad_token_id` to `eos_token_id`:2 for open-end generation.
      Turn 2: H=0.914, tokens=241
Setting `pad_token_id` to `eos_token_id`:2 for open-end generation.
      Turn 3: H=0.794, tokens=313
Setting `pad_token_id` to `eos_token_id`:2 for open-end generation.
      Turn 4: H=0.628, tokens=381
Setting `pad_token_id` to `eos_token_id`:2 for open-end generation.
      Turn 5: H=0.596, tokens=450
Setting `pad_token_id` to `eos_token_id`:2 for open-end generation.
      Turn 6: H=0.353, tokens=518
Setting `pad_token_id` to `eos_token_id`:2 for open-end generation.
      Turn 7: H=0.843, tokens=591
  Trial 6/10 (probe 0):
Setting `pad_token_id` to `eos_token_id`:2 for open-end generation.
      Turn 0: H=0.508, tokens=99
Setting `pad_token_id` to `eos_token_id`:2 for open-end generation.
      Turn 1: H=0.659, tokens=168
Setting `pad_token_id` to `eos_token_id`:2 for open-end generation.
      Turn 2: H=0.639, tokens=236
Setting `pad_token_id` to `eos_token_id`:2 for open-end generation.
      Turn 3: H=0.365, tokens=309
Setting `pad_token_id` to `eos_token_id`:2 for open-end generation.
      Turn 4: H=0.660, tokens=378
Setting `pad_token_id` to `eos_token_id`:2 for open-end generation.
      Turn 5: H=0.613, tokens=451
Setting `pad_token_id` to `eos_token_id`:2 for open-end generation.
      Turn 6: H=0.394, tokens=519
Setting `pad_token_id` to `eos_token_id`:2 for open-end generation.
      Turn 7: H=0.515, tokens=591
  Trial 7/10 (probe 1):
Setting `pad_token_id` to `eos_token_id`:2 for open-end generation.
      Turn 0: H=0.705, tokens=101
Setting `pad_token_id` to `eos_token_id`:2 for open-end generation.
      Turn 1: H=1.100, tokens=170
Setting `pad_token_id` to `eos_token_id`:2 for open-end generation.
      Turn 2: H=0.940, tokens=243
Setting `pad_token_id` to `eos_token_id`:2 for open-end generation.
      Turn 3: H=0.921, tokens=312
Setting `pad_token_id` to `eos_token_id`:2 for open-end generation.
      Turn 4: H=0.644, tokens=385
Setting `pad_token_id` to `eos_token_id`:2 for open-end generation.
      Turn 5: H=0.324, tokens=453
Setting `pad_token_id` to `eos_token_id`:2 for open-end generation.
      Turn 6: H=0.240, tokens=525
Setting `pad_token_id` to `eos_token_id`:2 for open-end generation.
      Turn 7: H=0.155, tokens=593
  Trial 8/10 (probe 2):
Setting `pad_token_id` to `eos_token_id`:2 for open-end generation.
      Turn 0: H=0.960, tokens=99
Setting `pad_token_id` to `eos_token_id`:2 for open-end generation.
      Turn 1: H=1.095, tokens=172
Setting `pad_token_id` to `eos_token_id`:2 for open-end generation.
      Turn 2: H=0.955, tokens=241
Setting `pad_token_id` to `eos_token_id`:2 for open-end generation.
      Turn 3: H=1.091, tokens=314
Setting `pad_token_id` to `eos_token_id`:2 for open-end generation.
      Turn 4: H=1.193, tokens=382
Setting `pad_token_id` to `eos_token_id`:2 for open-end generation.
      Turn 5: H=0.775, tokens=454
Setting `pad_token_id` to `eos_token_id`:2 for open-end generation.
      Turn 6: H=0.715, tokens=522
Setting `pad_token_id` to `eos_token_id`:2 for open-end generation.
      Turn 7: H=0.553, tokens=591
  Trial 9/10 (probe 3):
Setting `pad_token_id` to `eos_token_id`:2 for open-end generation.
      Turn 0: H=0.851, tokens=100
Setting `pad_token_id` to `eos_token_id`:2 for open-end generation.
      Turn 1: H=1.222, tokens=169
Setting `pad_token_id` to `eos_token_id`:2 for open-end generation.
      Turn 2: H=1.086, tokens=242
Setting `pad_token_id` to `eos_token_id`:2 for open-end generation.
      Turn 3: H=0.970, tokens=310
Setting `pad_token_id` to `eos_token_id`:2 for open-end generation.
      Turn 4: H=0.631, tokens=382
Setting `pad_token_id` to `eos_token_id`:2 for open-end generation.
      Turn 5: H=1.041, tokens=450
Setting `pad_token_id` to `eos_token_id`:2 for open-end generation.
      Turn 6: H=0.631, tokens=519
Setting `pad_token_id` to `eos_token_id`:2 for open-end generation.
      Turn 7: H=0.152, tokens=587
  Trial 10/10 (probe 4):
Setting `pad_token_id` to `eos_token_id`:2 for open-end generation.
      Turn 0: H=0.966, tokens=100
Setting `pad_token_id` to `eos_token_id`:2 for open-end generation.
      Turn 1: H=0.978, tokens=173
Setting `pad_token_id` to `eos_token_id`:2 for open-end generation.
      Turn 2: H=0.914, tokens=241
Setting `pad_token_id` to `eos_token_id`:2 for open-end generation.
      Turn 3: H=0.794, tokens=313
Setting `pad_token_id` to `eos_token_id`:2 for open-end generation.
      Turn 4: H=0.628, tokens=381
Setting `pad_token_id` to `eos_token_id`:2 for open-end generation.
      Turn 5: H=0.596, tokens=450
Setting `pad_token_id` to `eos_token_id`:2 for open-end generation.
      Turn 6: H=0.353, tokens=518
Setting `pad_token_id` to `eos_token_id`:2 for open-end generation.
      Turn 7: H=0.843, tokens=591

  Concentration at turn 2 (relay zone):
    L18: +0.997 (Δ=+0.002)
    L19: +0.931 (Δ=-0.003)
    L20: +0.677 (Δ=+0.104)
    L21: +0.566 (Δ=-0.084)
    L22: +0.854 (Δ=+0.044)
    L23: +0.926 (Δ=+0.020)
    L24: +0.932 (Δ=+0.020)
    L25: +0.933 (Δ=+0.019)
    L26: +0.937 (Δ=+0.018)
    L27: +0.940 (Δ=+0.017)
    L28: +0.945 (Δ=+0.015)
    L29: +0.947 (Δ=+0.015)
    L30: +0.954 (Δ=+0.013)
    L31: +0.935 (Δ=-0.003)
    L32: -0.008 (Δ=+0.037)

============================================================
  CONDITION: zero_mlp_L20
============================================================
  Trial 1/10 (probe 0):
Setting `pad_token_id` to `eos_token_id`:2 for open-end generation.
      Turn 0: H=0.922, tokens=99
Setting `pad_token_id` to `eos_token_id`:2 for open-end generation.
      Turn 1: H=0.836, tokens=168
Setting `pad_token_id` to `eos_token_id`:2 for open-end generation.
      Turn 2: H=0.930, tokens=236
Setting `pad_token_id` to `eos_token_id`:2 for open-end generation.
      Turn 3: H=0.723, tokens=309
Setting `pad_token_id` to `eos_token_id`:2 for open-end generation.
      Turn 4: H=1.126, tokens=378
Setting `pad_token_id` to `eos_token_id`:2 for open-end generation.
      Turn 5: H=0.558, tokens=449
Setting `pad_token_id` to `eos_token_id`:2 for open-end generation.
      Turn 6: H=0.671, tokens=517
Setting `pad_token_id` to `eos_token_id`:2 for open-end generation.
      Turn 7: H=0.606, tokens=589
  Trial 2/10 (probe 1):
Setting `pad_token_id` to `eos_token_id`:2 for open-end generation.
      Turn 0: H=0.746, tokens=101
Setting `pad_token_id` to `eos_token_id`:2 for open-end generation.
      Turn 1: H=0.872, tokens=170
Setting `pad_token_id` to `eos_token_id`:2 for open-end generation.
      Turn 2: H=0.934, tokens=243
Setting `pad_token_id` to `eos_token_id`:2 for open-end generation.
      Turn 3: H=0.652, tokens=312
Setting `pad_token_id` to `eos_token_id`:2 for open-end generation.
      Turn 4: H=0.209, tokens=385
Setting `pad_token_id` to `eos_token_id`:2 for open-end generation.
      Turn 5: H=0.798, tokens=453
Setting `pad_token_id` to `eos_token_id`:2 for open-end generation.
      Turn 6: H=0.878, tokens=525
Setting `pad_token_id` to `eos_token_id`:2 for open-end generation.
      Turn 7: H=0.521, tokens=593
  Trial 3/10 (probe 2):
Setting `pad_token_id` to `eos_token_id`:2 for open-end generation.
      Turn 0: H=0.943, tokens=99
Setting `pad_token_id` to `eos_token_id`:2 for open-end generation.
      Turn 1: H=0.668, tokens=172
Setting `pad_token_id` to `eos_token_id`:2 for open-end generation.
      Turn 2: H=0.344, tokens=241
Setting `pad_token_id` to `eos_token_id`:2 for open-end generation.
      Turn 3: H=0.477, tokens=314
Setting `pad_token_id` to `eos_token_id`:2 for open-end generation.
      Turn 4: H=0.378, tokens=382
Setting `pad_token_id` to `eos_token_id`:2 for open-end generation.
      Turn 5: H=0.734, tokens=454
Setting `pad_token_id` to `eos_token_id`:2 for open-end generation.
      Turn 6: H=1.063, tokens=522
Setting `pad_token_id` to `eos_token_id`:2 for open-end generation.
      Turn 7: H=0.619, tokens=591
  Trial 4/10 (probe 3):
Setting `pad_token_id` to `eos_token_id`:2 for open-end generation.
      Turn 0: H=0.696, tokens=100
Setting `pad_token_id` to `eos_token_id`:2 for open-end generation.
      Turn 1: H=1.296, tokens=169
Setting `pad_token_id` to `eos_token_id`:2 for open-end generation.
      Turn 2: H=0.728, tokens=242
Setting `pad_token_id` to `eos_token_id`:2 for open-end generation.
      Turn 3: H=0.867, tokens=310
Setting `pad_token_id` to `eos_token_id`:2 for open-end generation.
      Turn 4: H=0.760, tokens=382
Setting `pad_token_id` to `eos_token_id`:2 for open-end generation.
      Turn 5: H=0.697, tokens=450
Setting `pad_token_id` to `eos_token_id`:2 for open-end generation.
      Turn 6: H=0.357, tokens=519
Setting `pad_token_id` to `eos_token_id`:2 for open-end generation.
      Turn 7: H=0.125, tokens=587
  Trial 5/10 (probe 4):
Setting `pad_token_id` to `eos_token_id`:2 for open-end generation.
      Turn 0: H=0.876, tokens=100
Setting `pad_token_id` to `eos_token_id`:2 for open-end generation.
      Turn 1: H=0.748, tokens=173
Setting `pad_token_id` to `eos_token_id`:2 for open-end generation.
      Turn 2: H=0.598, tokens=241
Setting `pad_token_id` to `eos_token_id`:2 for open-end generation.
      Turn 3: H=0.617, tokens=313
Setting `pad_token_id` to `eos_token_id`:2 for open-end generation.
      Turn 4: H=0.978, tokens=381
Setting `pad_token_id` to `eos_token_id`:2 for open-end generation.
      Turn 5: H=0.363, tokens=450
Setting `pad_token_id` to `eos_token_id`:2 for open-end generation.
      Turn 6: H=0.122, tokens=518
Setting `pad_token_id` to `eos_token_id`:2 for open-end generation.
      Turn 7: H=0.720, tokens=591
  Trial 6/10 (probe 0):
Setting `pad_token_id` to `eos_token_id`:2 for open-end generation.
      Turn 0: H=0.922, tokens=99
Setting `pad_token_id` to `eos_token_id`:2 for open-end generation.
      Turn 1: H=0.836, tokens=168
Setting `pad_token_id` to `eos_token_id`:2 for open-end generation.
      Turn 2: H=0.930, tokens=236
Setting `pad_token_id` to `eos_token_id`:2 for open-end generation.
      Turn 3: H=0.723, tokens=309
Setting `pad_token_id` to `eos_token_id`:2 for open-end generation.
      Turn 4: H=1.126, tokens=378
Setting `pad_token_id` to `eos_token_id`:2 for open-end generation.
      Turn 5: H=0.558, tokens=449
Setting `pad_token_id` to `eos_token_id`:2 for open-end generation.
      Turn 6: H=0.671, tokens=517
Setting `pad_token_id` to `eos_token_id`:2 for open-end generation.
      Turn 7: H=0.606, tokens=589
  Trial 7/10 (probe 1):
Setting `pad_token_id` to `eos_token_id`:2 for open-end generation.
      Turn 0: H=0.746, tokens=101
Setting `pad_token_id` to `eos_token_id`:2 for open-end generation.
      Turn 1: H=0.872, tokens=170
Setting `pad_token_id` to `eos_token_id`:2 for open-end generation.
      Turn 2: H=0.934, tokens=243
Setting `pad_token_id` to `eos_token_id`:2 for open-end generation.
      Turn 3: H=0.652, tokens=312
Setting `pad_token_id` to `eos_token_id`:2 for open-end generation.
      Turn 4: H=0.209, tokens=385
Setting `pad_token_id` to `eos_token_id`:2 for open-end generation.
      Turn 5: H=0.798, tokens=453
Setting `pad_token_id` to `eos_token_id`:2 for open-end generation.
      Turn 6: H=0.878, tokens=525
Setting `pad_token_id` to `eos_token_id`:2 for open-end generation.
      Turn 7: H=0.521, tokens=593
  Trial 8/10 (probe 2):
Setting `pad_token_id` to `eos_token_id`:2 for open-end generation.
      Turn 0: H=0.943, tokens=99
Setting `pad_token_id` to `eos_token_id`:2 for open-end generation.
      Turn 1: H=0.668, tokens=172
Setting `pad_token_id` to `eos_token_id`:2 for open-end generation.
      Turn 2: H=0.344, tokens=241
Setting `pad_token_id` to `eos_token_id`:2 for open-end generation.
      Turn 3: H=0.477, tokens=314
Setting `pad_token_id` to `eos_token_id`:2 for open-end generation.
      Turn 4: H=0.378, tokens=382
Setting `pad_token_id` to `eos_token_id`:2 for open-end generation.
      Turn 5: H=0.734, tokens=454
Setting `pad_token_id` to `eos_token_id`:2 for open-end generation.
      Turn 6: H=1.063, tokens=522
Setting `pad_token_id` to `eos_token_id`:2 for open-end generation.
      Turn 7: H=0.619, tokens=591
  Trial 9/10 (probe 3):
Setting `pad_token_id` to `eos_token_id`:2 for open-end generation.
      Turn 0: H=0.696, tokens=100
Setting `pad_token_id` to `eos_token_id`:2 for open-end generation.
      Turn 1: H=1.296, tokens=169
Setting `pad_token_id` to `eos_token_id`:2 for open-end generation.
      Turn 2: H=0.728, tokens=242
Setting `pad_token_id` to `eos_token_id`:2 for open-end generation.
      Turn 3: H=0.867, tokens=310
Setting `pad_token_id` to `eos_token_id`:2 for open-end generation.
      Turn 4: H=0.760, tokens=382
Setting `pad_token_id` to `eos_token_id`:2 for open-end generation.
      Turn 5: H=0.697, tokens=450
Setting `pad_token_id` to `eos_token_id`:2 for open-end generation.
      Turn 6: H=0.357, tokens=519
Setting `pad_token_id` to `eos_token_id`:2 for open-end generation.
      Turn 7: H=0.125, tokens=587
  Trial 10/10 (probe 4):
Setting `pad_token_id` to `eos_token_id`:2 for open-end generation.
      Turn 0: H=0.876, tokens=100
Setting `pad_token_id` to `eos_token_id`:2 for open-end generation.
      Turn 1: H=0.748, tokens=173
Setting `pad_token_id` to `eos_token_id`:2 for open-end generation.
      Turn 2: H=0.598, tokens=241
Setting `pad_token_id` to `eos_token_id`:2 for open-end generation.
      Turn 3: H=0.617, tokens=313
Setting `pad_token_id` to `eos_token_id`:2 for open-end generation.
      Turn 4: H=0.978, tokens=381
Setting `pad_token_id` to `eos_token_id`:2 for open-end generation.
      Turn 5: H=0.363, tokens=450
Setting `pad_token_id` to `eos_token_id`:2 for open-end generation.
      Turn 6: H=0.122, tokens=518
Setting `pad_token_id` to `eos_token_id`:2 for open-end generation.
      Turn 7: H=0.720, tokens=591

  Concentration at turn 2 (relay zone):
    L18: +0.994 (Δ=-0.002)
    L19: +0.799 (Δ=-0.135)
    L20: +0.655 (Δ=+0.082)
    L21: +0.649 (Δ=-0.002)
    L22: +0.669 (Δ=-0.141)
    L23: +0.881 (Δ=-0.026)
    L24: +0.915 (Δ=+0.003)
    L25: +0.914 (Δ=-0.000)
    L26: +0.918 (Δ=-0.001)
    L27: +0.923 (Δ=-0.000)
    L28: +0.930 (Δ=-0.000)
    L29: +0.933 (Δ=+0.001)
    L30: +0.944 (Δ=+0.004)
    L31: +0.948 (Δ=+0.010)
    L32: +0.000 (Δ=+0.045)

============================================================
  CONDITION: zero_attn_L20
============================================================
  Trial 1/10 (probe 0):
Setting `pad_token_id` to `eos_token_id`:2 for open-end generation.
      Turn 0: H=0.845, tokens=99
Setting `pad_token_id` to `eos_token_id`:2 for open-end generation.
      Turn 1: H=0.695, tokens=168
Setting `pad_token_id` to `eos_token_id`:2 for open-end generation.
      Turn 2: H=0.903, tokens=236
Setting `pad_token_id` to `eos_token_id`:2 for open-end generation.
      Turn 3: H=0.731, tokens=309
Setting `pad_token_id` to `eos_token_id`:2 for open-end generation.
      Turn 4: H=0.418, tokens=378
Setting `pad_token_id` to `eos_token_id`:2 for open-end generation.
      Turn 5: H=0.420, tokens=451
Setting `pad_token_id` to `eos_token_id`:2 for open-end generation.
      Turn 6: H=0.387, tokens=519
Setting `pad_token_id` to `eos_token_id`:2 for open-end generation.
      Turn 7: H=0.482, tokens=591
  Trial 2/10 (probe 1):
Setting `pad_token_id` to `eos_token_id`:2 for open-end generation.
      Turn 0: H=0.828, tokens=101
Setting `pad_token_id` to `eos_token_id`:2 for open-end generation.
      Turn 1: H=0.924, tokens=170
Setting `pad_token_id` to `eos_token_id`:2 for open-end generation.
      Turn 2: H=0.914, tokens=243
Setting `pad_token_id` to `eos_token_id`:2 for open-end generation.
      Turn 3: H=0.912, tokens=312
Setting `pad_token_id` to `eos_token_id`:2 for open-end generation.
      Turn 4: H=0.913, tokens=385
Setting `pad_token_id` to `eos_token_id`:2 for open-end generation.
      Turn 5: H=0.397, tokens=453
Setting `pad_token_id` to `eos_token_id`:2 for open-end generation.
      Turn 6: H=0.561, tokens=525
Setting `pad_token_id` to `eos_token_id`:2 for open-end generation.
      Turn 7: H=0.527, tokens=593
  Trial 3/10 (probe 2):
Setting `pad_token_id` to `eos_token_id`:2 for open-end generation.
      Turn 0: H=1.049, tokens=99
Setting `pad_token_id` to `eos_token_id`:2 for open-end generation.
      Turn 1: H=1.168, tokens=172
Setting `pad_token_id` to `eos_token_id`:2 for open-end generation.
      Turn 2: H=0.994, tokens=241
Setting `pad_token_id` to `eos_token_id`:2 for open-end generation.
      Turn 3: H=1.076, tokens=314
Setting `pad_token_id` to `eos_token_id`:2 for open-end generation.
      Turn 4: H=0.643, tokens=382
Setting `pad_token_id` to `eos_token_id`:2 for open-end generation.
      Turn 5: H=0.710, tokens=454
Setting `pad_token_id` to `eos_token_id`:2 for open-end generation.
      Turn 6: H=0.779, tokens=522
Setting `pad_token_id` to `eos_token_id`:2 for open-end generation.
      Turn 7: H=0.350, tokens=591
  Trial 4/10 (probe 3):
Setting `pad_token_id` to `eos_token_id`:2 for open-end generation.
      Turn 0: H=0.613, tokens=100
Setting `pad_token_id` to `eos_token_id`:2 for open-end generation.
      Turn 1: H=1.219, tokens=169
Setting `pad_token_id` to `eos_token_id`:2 for open-end generation.
      Turn 2: H=0.876, tokens=242
Setting `pad_token_id` to `eos_token_id`:2 for open-end generation.
      Turn 3: H=0.728, tokens=310
Setting `pad_token_id` to `eos_token_id`:2 for open-end generation.
      Turn 4: H=1.129, tokens=382
Setting `pad_token_id` to `eos_token_id`:2 for open-end generation.
      Turn 5: H=0.278, tokens=450
Setting `pad_token_id` to `eos_token_id`:2 for open-end generation.
      Turn 6: H=0.439, tokens=519
Setting `pad_token_id` to `eos_token_id`:2 for open-end generation.
      Turn 7: H=0.134, tokens=587
  Trial 5/10 (probe 4):
Setting `pad_token_id` to `eos_token_id`:2 for open-end generation.
      Turn 0: H=0.871, tokens=100
Setting `pad_token_id` to `eos_token_id`:2 for open-end generation.
      Turn 1: H=0.744, tokens=173
Setting `pad_token_id` to `eos_token_id`:2 for open-end generation.
      Turn 2: H=1.063, tokens=241
Setting `pad_token_id` to `eos_token_id`:2 for open-end generation.
      Turn 3: H=0.813, tokens=313
Setting `pad_token_id` to `eos_token_id`:2 for open-end generation.
      Turn 4: H=0.812, tokens=381
Setting `pad_token_id` to `eos_token_id`:2 for open-end generation.
      Turn 5: H=0.710, tokens=450
Setting `pad_token_id` to `eos_token_id`:2 for open-end generation.
      Turn 6: H=0.160, tokens=518
Setting `pad_token_id` to `eos_token_id`:2 for open-end generation.
      Turn 7: H=0.744, tokens=591
  Trial 6/10 (probe 0):
Setting `pad_token_id` to `eos_token_id`:2 for open-end generation.
      Turn 0: H=0.845, tokens=99
Setting `pad_token_id` to `eos_token_id`:2 for open-end generation.
      Turn 1: H=0.695, tokens=168
Setting `pad_token_id` to `eos_token_id`:2 for open-end generation.
      Turn 2: H=0.903, tokens=236
Setting `pad_token_id` to `eos_token_id`:2 for open-end generation.
      Turn 3: H=0.731, tokens=309
Setting `pad_token_id` to `eos_token_id`:2 for open-end generation.
      Turn 4: H=0.418, tokens=378
Setting `pad_token_id` to `eos_token_id`:2 for open-end generation.
      Turn 5: H=0.420, tokens=451
Setting `pad_token_id` to `eos_token_id`:2 for open-end generation.
      Turn 6: H=0.387, tokens=519
Setting `pad_token_id` to `eos_token_id`:2 for open-end generation.
      Turn 7: H=0.482, tokens=591
  Trial 7/10 (probe 1):
Setting `pad_token_id` to `eos_token_id`:2 for open-end generation.
      Turn 0: H=0.828, tokens=101
Setting `pad_token_id` to `eos_token_id`:2 for open-end generation.
      Turn 1: H=0.924, tokens=170
Setting `pad_token_id` to `eos_token_id`:2 for open-end generation.
      Turn 2: H=0.914, tokens=243
Setting `pad_token_id` to `eos_token_id`:2 for open-end generation.
      Turn 3: H=0.912, tokens=312
Setting `pad_token_id` to `eos_token_id`:2 for open-end generation.
      Turn 4: H=0.913, tokens=385
Setting `pad_token_id` to `eos_token_id`:2 for open-end generation.
      Turn 5: H=0.397, tokens=453
Setting `pad_token_id` to `eos_token_id`:2 for open-end generation.
      Turn 6: H=0.561, tokens=525
Setting `pad_token_id` to `eos_token_id`:2 for open-end generation.
      Turn 7: H=0.527, tokens=593
  Trial 8/10 (probe 2):
Setting `pad_token_id` to `eos_token_id`:2 for open-end generation.
      Turn 0: H=1.049, tokens=99
Setting `pad_token_id` to `eos_token_id`:2 for open-end generation.
      Turn 1: H=1.168, tokens=172
Setting `pad_token_id` to `eos_token_id`:2 for open-end generation.
      Turn 2: H=0.994, tokens=241
Setting `pad_token_id` to `eos_token_id`:2 for open-end generation.
      Turn 3: H=1.076, tokens=314
Setting `pad_token_id` to `eos_token_id`:2 for open-end generation.
      Turn 4: H=0.643, tokens=382
Setting `pad_token_id` to `eos_token_id`:2 for open-end generation.
      Turn 5: H=0.710, tokens=454
Setting `pad_token_id` to `eos_token_id`:2 for open-end generation.
      Turn 6: H=0.779, tokens=522
Setting `pad_token_id` to `eos_token_id`:2 for open-end generation.
      Turn 7: H=0.350, tokens=591
  Trial 9/10 (probe 3):
Setting `pad_token_id` to `eos_token_id`:2 for open-end generation.
      Turn 0: H=0.613, tokens=100
Setting `pad_token_id` to `eos_token_id`:2 for open-end generation.
      Turn 1: H=1.219, tokens=169
Setting `pad_token_id` to `eos_token_id`:2 for open-end generation.
      Turn 2: H=0.876, tokens=242
Setting `pad_token_id` to `eos_token_id`:2 for open-end generation.
      Turn 3: H=0.728, tokens=310
Setting `pad_token_id` to `eos_token_id`:2 for open-end generation.
      Turn 4: H=1.129, tokens=382
Setting `pad_token_id` to `eos_token_id`:2 for open-end generation.
      Turn 5: H=0.278, tokens=450
Setting `pad_token_id` to `eos_token_id`:2 for open-end generation.
      Turn 6: H=0.439, tokens=519
Setting `pad_token_id` to `eos_token_id`:2 for open-end generation.
      Turn 7: H=0.134, tokens=587
  Trial 10/10 (probe 4):
Setting `pad_token_id` to `eos_token_id`:2 for open-end generation.
      Turn 0: H=0.871, tokens=100
Setting `pad_token_id` to `eos_token_id`:2 for open-end generation.
      Turn 1: H=0.744, tokens=173
Setting `pad_token_id` to `eos_token_id`:2 for open-end generation.
      Turn 2: H=1.063, tokens=241
Setting `pad_token_id` to `eos_token_id`:2 for open-end generation.
      Turn 3: H=0.813, tokens=313
Setting `pad_token_id` to `eos_token_id`:2 for open-end generation.
      Turn 4: H=0.812, tokens=381
Setting `pad_token_id` to `eos_token_id`:2 for open-end generation.
      Turn 5: H=0.710, tokens=450
Setting `pad_token_id` to `eos_token_id`:2 for open-end generation.
      Turn 6: H=0.160, tokens=518
Setting `pad_token_id` to `eos_token_id`:2 for open-end generation.
      Turn 7: H=0.744, tokens=591

  Concentration at turn 2 (relay zone):
    L18: +0.995 (Δ=-0.001)
    L19: +0.892 (Δ=-0.042)
    L20: +0.605 (Δ=+0.032)
    L21: +0.529 (Δ=-0.122)
    L22: +0.605 (Δ=-0.205) ◄ DISRUPTED
    L23: +0.924 (Δ=+0.017)
    L24: +0.928 (Δ=+0.016)
    L25: +0.929 (Δ=+0.014)
    L26: +0.932 (Δ=+0.013)
    L27: +0.935 (Δ=+0.012)
    L28: +0.940 (Δ=+0.010)
    L29: +0.942 (Δ=+0.010)
    L30: +0.949 (Δ=+0.009)
    L31: +0.950 (Δ=+0.012)
    L32: +0.281 (Δ=+0.325) ◄ DISRUPTED

============================================================
  CONDITION: zero_mlp_L21
============================================================
  Trial 1/10 (probe 0):
Setting `pad_token_id` to `eos_token_id`:2 for open-end generation.
      Turn 0: H=0.655, tokens=99
Setting `pad_token_id` to `eos_token_id`:2 for open-end generation.
      Turn 1: H=0.943, tokens=167
Setting `pad_token_id` to `eos_token_id`:2 for open-end generation.
      Turn 2: H=0.766, tokens=235
Setting `pad_token_id` to `eos_token_id`:2 for open-end generation.
      Turn 3: H=0.616, tokens=308
Setting `pad_token_id` to `eos_token_id`:2 for open-end generation.
      Turn 4: H=0.484, tokens=377
Setting `pad_token_id` to `eos_token_id`:2 for open-end generation.
      Turn 5: H=0.572, tokens=450
Setting `pad_token_id` to `eos_token_id`:2 for open-end generation.
      Turn 6: H=0.386, tokens=518
Setting `pad_token_id` to `eos_token_id`:2 for open-end generation.
      Turn 7: H=0.509, tokens=590
  Trial 2/10 (probe 1):
Setting `pad_token_id` to `eos_token_id`:2 for open-end generation.
      Turn 0: H=0.946, tokens=101
Setting `pad_token_id` to `eos_token_id`:2 for open-end generation.
      Turn 1: H=0.718, tokens=170
Setting `pad_token_id` to `eos_token_id`:2 for open-end generation.
      Turn 2: H=0.746, tokens=243
Setting `pad_token_id` to `eos_token_id`:2 for open-end generation.
      Turn 3: H=1.215, tokens=312
Setting `pad_token_id` to `eos_token_id`:2 for open-end generation.
      Turn 4: H=0.758, tokens=385
Setting `pad_token_id` to `eos_token_id`:2 for open-end generation.
      Turn 5: H=0.251, tokens=453
Setting `pad_token_id` to `eos_token_id`:2 for open-end generation.
      Turn 6: H=0.686, tokens=525
Setting `pad_token_id` to `eos_token_id`:2 for open-end generation.
      Turn 7: H=1.143, tokens=593
  Trial 3/10 (probe 2):
Setting `pad_token_id` to `eos_token_id`:2 for open-end generation.
      Turn 0: H=0.855, tokens=99
Setting `pad_token_id` to `eos_token_id`:2 for open-end generation.
      Turn 1: H=1.199, tokens=172
Setting `pad_token_id` to `eos_token_id`:2 for open-end generation.
      Turn 2: H=1.132, tokens=241
Setting `pad_token_id` to `eos_token_id`:2 for open-end generation.
      Turn 3: H=0.988, tokens=314
Setting `pad_token_id` to `eos_token_id`:2 for open-end generation.
      Turn 4: H=0.989, tokens=382
Setting `pad_token_id` to `eos_token_id`:2 for open-end generation.
      Turn 5: H=0.924, tokens=454
Setting `pad_token_id` to `eos_token_id`:2 for open-end generation.
      Turn 6: H=1.117, tokens=522
Setting `pad_token_id` to `eos_token_id`:2 for open-end generation.
      Turn 7: H=0.642, tokens=591
  Trial 4/10 (probe 3):
Setting `pad_token_id` to `eos_token_id`:2 for open-end generation.
      Turn 0: H=0.554, tokens=100
Setting `pad_token_id` to `eos_token_id`:2 for open-end generation.
      Turn 1: H=1.159, tokens=169
Setting `pad_token_id` to `eos_token_id`:2 for open-end generation.
      Turn 2: H=0.758, tokens=242
Setting `pad_token_id` to `eos_token_id`:2 for open-end generation.
      Turn 3: H=1.044, tokens=310
Setting `pad_token_id` to `eos_token_id`:2 for open-end generation.
      Turn 4: H=1.013, tokens=382
Setting `pad_token_id` to `eos_token_id`:2 for open-end generation.
      Turn 5: H=0.969, tokens=450
Setting `pad_token_id` to `eos_token_id`:2 for open-end generation.
      Turn 6: H=0.712, tokens=519
Setting `pad_token_id` to `eos_token_id`:2 for open-end generation.
      Turn 7: H=0.208, tokens=587
  Trial 5/10 (probe 4):
Setting `pad_token_id` to `eos_token_id`:2 for open-end generation.
      Turn 0: H=0.849, tokens=100
Setting `pad_token_id` to `eos_token_id`:2 for open-end generation.
      Turn 1: H=0.821, tokens=171
Setting `pad_token_id` to `eos_token_id`:2 for open-end generation.
      Turn 2: H=0.874, tokens=239
Setting `pad_token_id` to `eos_token_id`:2 for open-end generation.
      Turn 3: H=0.771, tokens=311
Setting `pad_token_id` to `eos_token_id`:2 for open-end generation.
      Turn 4: H=1.097, tokens=379
Setting `pad_token_id` to `eos_token_id`:2 for open-end generation.
      Turn 5: H=0.588, tokens=448
Setting `pad_token_id` to `eos_token_id`:2 for open-end generation.
      Turn 6: H=0.158, tokens=516
Setting `pad_token_id` to `eos_token_id`:2 for open-end generation.
      Turn 7: H=0.637, tokens=589
  Trial 6/10 (probe 0):
Setting `pad_token_id` to `eos_token_id`:2 for open-end generation.
      Turn 0: H=0.655, tokens=99
Setting `pad_token_id` to `eos_token_id`:2 for open-end generation.
      Turn 1: H=0.943, tokens=167
Setting `pad_token_id` to `eos_token_id`:2 for open-end generation.
      Turn 2: H=0.766, tokens=235
Setting `pad_token_id` to `eos_token_id`:2 for open-end generation.
      Turn 3: H=0.616, tokens=308
Setting `pad_token_id` to `eos_token_id`:2 for open-end generation.
      Turn 4: H=0.484, tokens=377
Setting `pad_token_id` to `eos_token_id`:2 for open-end generation.
      Turn 5: H=0.572, tokens=450
Setting `pad_token_id` to `eos_token_id`:2 for open-end generation.
      Turn 6: H=0.386, tokens=518
Setting `pad_token_id` to `eos_token_id`:2 for open-end generation.
      Turn 7: H=0.509, tokens=590
  Trial 7/10 (probe 1):
Setting `pad_token_id` to `eos_token_id`:2 for open-end generation.
      Turn 0: H=0.946, tokens=101
Setting `pad_token_id` to `eos_token_id`:2 for open-end generation.
      Turn 1: H=0.718, tokens=170
Setting `pad_token_id` to `eos_token_id`:2 for open-end generation.
      Turn 2: H=0.746, tokens=243
Setting `pad_token_id` to `eos_token_id`:2 for open-end generation.
      Turn 3: H=1.215, tokens=312
Setting `pad_token_id` to `eos_token_id`:2 for open-end generation.
      Turn 4: H=0.758, tokens=385
Setting `pad_token_id` to `eos_token_id`:2 for open-end generation.
      Turn 5: H=0.251, tokens=453
Setting `pad_token_id` to `eos_token_id`:2 for open-end generation.
      Turn 6: H=0.686, tokens=525
Setting `pad_token_id` to `eos_token_id`:2 for open-end generation.
      Turn 7: H=1.143, tokens=593
  Trial 8/10 (probe 2):
Setting `pad_token_id` to `eos_token_id`:2 for open-end generation.
      Turn 0: H=0.855, tokens=99
Setting `pad_token_id` to `eos_token_id`:2 for open-end generation.
      Turn 1: H=1.199, tokens=172
Setting `pad_token_id` to `eos_token_id`:2 for open-end generation.
      Turn 2: H=1.132, tokens=241
Setting `pad_token_id` to `eos_token_id`:2 for open-end generation.
      Turn 3: H=0.988, tokens=314
Setting `pad_token_id` to `eos_token_id`:2 for open-end generation.
      Turn 4: H=0.989, tokens=382
Setting `pad_token_id` to `eos_token_id`:2 for open-end generation.
      Turn 5: H=0.924, tokens=454
Setting `pad_token_id` to `eos_token_id`:2 for open-end generation.
      Turn 6: H=1.117, tokens=522
Setting `pad_token_id` to `eos_token_id`:2 for open-end generation.
      Turn 7: H=0.642, tokens=591
  Trial 9/10 (probe 3):
Setting `pad_token_id` to `eos_token_id`:2 for open-end generation.
      Turn 0: H=0.554, tokens=100
Setting `pad_token_id` to `eos_token_id`:2 for open-end generation.
      Turn 1: H=1.159, tokens=169
Setting `pad_token_id` to `eos_token_id`:2 for open-end generation.
      Turn 2: H=0.758, tokens=242
Setting `pad_token_id` to `eos_token_id`:2 for open-end generation.
      Turn 3: H=1.044, tokens=310
Setting `pad_token_id` to `eos_token_id`:2 for open-end generation.
      Turn 4: H=1.013, tokens=382
Setting `pad_token_id` to `eos_token_id`:2 for open-end generation.
      Turn 5: H=0.969, tokens=450
Setting `pad_token_id` to `eos_token_id`:2 for open-end generation.
      Turn 6: H=0.712, tokens=519
Setting `pad_token_id` to `eos_token_id`:2 for open-end generation.
      Turn 7: H=0.208, tokens=587
  Trial 10/10 (probe 4):
Setting `pad_token_id` to `eos_token_id`:2 for open-end generation.
      Turn 0: H=0.849, tokens=100
Setting `pad_token_id` to `eos_token_id`:2 for open-end generation.
      Turn 1: H=0.821, tokens=171
Setting `pad_token_id` to `eos_token_id`:2 for open-end generation.
      Turn 2: H=0.874, tokens=239
Setting `pad_token_id` to `eos_token_id`:2 for open-end generation.
      Turn 3: H=0.771, tokens=311
Setting `pad_token_id` to `eos_token_id`:2 for open-end generation.
      Turn 4: H=1.097, tokens=379
Setting `pad_token_id` to `eos_token_id`:2 for open-end generation.
      Turn 5: H=0.588, tokens=448
Setting `pad_token_id` to `eos_token_id`:2 for open-end generation.
      Turn 6: H=0.158, tokens=516
Setting `pad_token_id` to `eos_token_id`:2 for open-end generation.
      Turn 7: H=0.637, tokens=589

  Concentration at turn 2 (relay zone):
    L18: +0.997 (Δ=+0.001)
    L19: +0.900 (Δ=-0.034)
    L20: +0.640 (Δ=+0.067)
    L21: +0.769 (Δ=+0.118)
    L22: +0.863 (Δ=+0.052)
    L23: +0.882 (Δ=-0.025)
    L24: +0.887 (Δ=-0.025)
    L25: +0.888 (Δ=-0.026)
    L26: +0.895 (Δ=-0.024)
    L27: +0.902 (Δ=-0.021)
    L28: +0.911 (Δ=-0.019)
    L29: +0.916 (Δ=-0.016)
    L30: +0.930 (Δ=-0.010)
    L31: +0.936 (Δ=-0.003)
    L32: +0.147 (Δ=+0.192)

============================================================
  CONDITION: zero_attn_L21
============================================================
  Trial 1/10 (probe 0):
Setting `pad_token_id` to `eos_token_id`:2 for open-end generation.
      Turn 0: H=0.664, tokens=99
Setting `pad_token_id` to `eos_token_id`:2 for open-end generation.
      Turn 1: H=0.908, tokens=168
Setting `pad_token_id` to `eos_token_id`:2 for open-end generation.
      Turn 2: H=0.764, tokens=236
Setting `pad_token_id` to `eos_token_id`:2 for open-end generation.
      Turn 3: H=0.522, tokens=309
Setting `pad_token_id` to `eos_token_id`:2 for open-end generation.
      Turn 4: H=0.685, tokens=378
Setting `pad_token_id` to `eos_token_id`:2 for open-end generation.
      Turn 5: H=0.852, tokens=451
Setting `pad_token_id` to `eos_token_id`:2 for open-end generation.
      Turn 6: H=0.296, tokens=519
Setting `pad_token_id` to `eos_token_id`:2 for open-end generation.
      Turn 7: H=0.310, tokens=591
  Trial 2/10 (probe 1):
Setting `pad_token_id` to `eos_token_id`:2 for open-end generation.
      Turn 0: H=0.880, tokens=101
Setting `pad_token_id` to `eos_token_id`:2 for open-end generation.
      Turn 1: H=0.625, tokens=170
Setting `pad_token_id` to `eos_token_id`:2 for open-end generation.
      Turn 2: H=0.466, tokens=243
Setting `pad_token_id` to `eos_token_id`:2 for open-end generation.
      Turn 3: H=0.942, tokens=312
Setting `pad_token_id` to `eos_token_id`:2 for open-end generation.
      Turn 4: H=0.538, tokens=385
Setting `pad_token_id` to `eos_token_id`:2 for open-end generation.
      Turn 5: H=0.284, tokens=453
Setting `pad_token_id` to `eos_token_id`:2 for open-end generation.
      Turn 6: H=0.482, tokens=525
Setting `pad_token_id` to `eos_token_id`:2 for open-end generation.
      Turn 7: H=0.558, tokens=593
  Trial 3/10 (probe 2):
Setting `pad_token_id` to `eos_token_id`:2 for open-end generation.
      Turn 0: H=0.892, tokens=99
Setting `pad_token_id` to `eos_token_id`:2 for open-end generation.
      Turn 1: H=0.731, tokens=172
Setting `pad_token_id` to `eos_token_id`:2 for open-end generation.
      Turn 2: H=0.981, tokens=241
Setting `pad_token_id` to `eos_token_id`:2 for open-end generation.
      Turn 3: H=1.109, tokens=314
Setting `pad_token_id` to `eos_token_id`:2 for open-end generation.
      Turn 4: H=0.893, tokens=382
Setting `pad_token_id` to `eos_token_id`:2 for open-end generation.
      Turn 5: H=0.622, tokens=454
Setting `pad_token_id` to `eos_token_id`:2 for open-end generation.
      Turn 6: H=0.814, tokens=522
Setting `pad_token_id` to `eos_token_id`:2 for open-end generation.
      Turn 7: H=0.433, tokens=591
  Trial 4/10 (probe 3):
Setting `pad_token_id` to `eos_token_id`:2 for open-end generation.
      Turn 0: H=0.535, tokens=100
Setting `pad_token_id` to `eos_token_id`:2 for open-end generation.
      Turn 1: H=1.351, tokens=169
Setting `pad_token_id` to `eos_token_id`:2 for open-end generation.
      Turn 2: H=0.861, tokens=242
Setting `pad_token_id` to `eos_token_id`:2 for open-end generation.
      Turn 3: H=1.041, tokens=310
Setting `pad_token_id` to `eos_token_id`:2 for open-end generation.
      Turn 4: H=1.021, tokens=382
Setting `pad_token_id` to `eos_token_id`:2 for open-end generation.
      Turn 5: H=0.919, tokens=450
Setting `pad_token_id` to `eos_token_id`:2 for open-end generation.
      Turn 6: H=0.528, tokens=519
Setting `pad_token_id` to `eos_token_id`:2 for open-end generation.
      Turn 7: H=0.170, tokens=587
  Trial 5/10 (probe 4):
Setting `pad_token_id` to `eos_token_id`:2 for open-end generation.
      Turn 0: H=0.839, tokens=100
Setting `pad_token_id` to `eos_token_id`:2 for open-end generation.
      Turn 1: H=0.860, tokens=173
Setting `pad_token_id` to `eos_token_id`:2 for open-end generation.
      Turn 2: H=0.928, tokens=241
Setting `pad_token_id` to `eos_token_id`:2 for open-end generation.
      Turn 3: H=0.910, tokens=313
Setting `pad_token_id` to `eos_token_id`:2 for open-end generation.
      Turn 4: H=1.042, tokens=381
Setting `pad_token_id` to `eos_token_id`:2 for open-end generation.
      Turn 5: H=0.418, tokens=450
Setting `pad_token_id` to `eos_token_id`:2 for open-end generation.
      Turn 6: H=0.266, tokens=518
Setting `pad_token_id` to `eos_token_id`:2 for open-end generation.
      Turn 7: H=0.778, tokens=591
  Trial 6/10 (probe 0):
Setting `pad_token_id` to `eos_token_id`:2 for open-end generation.
      Turn 0: H=0.664, tokens=99
Setting `pad_token_id` to `eos_token_id`:2 for open-end generation.
      Turn 1: H=0.908, tokens=168
Setting `pad_token_id` to `eos_token_id`:2 for open-end generation.
      Turn 2: H=0.764, tokens=236
Setting `pad_token_id` to `eos_token_id`:2 for open-end generation.
      Turn 3: H=0.522, tokens=309
Setting `pad_token_id` to `eos_token_id`:2 for open-end generation.
      Turn 4: H=0.685, tokens=378
Setting `pad_token_id` to `eos_token_id`:2 for open-end generation.
      Turn 5: H=0.852, tokens=451
Setting `pad_token_id` to `eos_token_id`:2 for open-end generation.
      Turn 6: H=0.296, tokens=519
Setting `pad_token_id` to `eos_token_id`:2 for open-end generation.
      Turn 7: H=0.310, tokens=591
  Trial 7/10 (probe 1):
Setting `pad_token_id` to `eos_token_id`:2 for open-end generation.
      Turn 0: H=0.880, tokens=101
Setting `pad_token_id` to `eos_token_id`:2 for open-end generation.
      Turn 1: H=0.625, tokens=170
Setting `pad_token_id` to `eos_token_id`:2 for open-end generation.
      Turn 2: H=0.466, tokens=243
Setting `pad_token_id` to `eos_token_id`:2 for open-end generation.
      Turn 3: H=0.942, tokens=312
Setting `pad_token_id` to `eos_token_id`:2 for open-end generation.
      Turn 4: H=0.538, tokens=385
Setting `pad_token_id` to `eos_token_id`:2 for open-end generation.
      Turn 5: H=0.284, tokens=453
Setting `pad_token_id` to `eos_token_id`:2 for open-end generation.
      Turn 6: H=0.482, tokens=525
Setting `pad_token_id` to `eos_token_id`:2 for open-end generation.
      Turn 7: H=0.558, tokens=593
  Trial 8/10 (probe 2):
Setting `pad_token_id` to `eos_token_id`:2 for open-end generation.
      Turn 0: H=0.892, tokens=99
Setting `pad_token_id` to `eos_token_id`:2 for open-end generation.
      Turn 1: H=0.731, tokens=172
Setting `pad_token_id` to `eos_token_id`:2 for open-end generation.
      Turn 2: H=0.981, tokens=241
Setting `pad_token_id` to `eos_token_id`:2 for open-end generation.
      Turn 3: H=1.109, tokens=314
Setting `pad_token_id` to `eos_token_id`:2 for open-end generation.
      Turn 4: H=0.893, tokens=382
Setting `pad_token_id` to `eos_token_id`:2 for open-end generation.
      Turn 5: H=0.622, tokens=454
Setting `pad_token_id` to `eos_token_id`:2 for open-end generation.
      Turn 6: H=0.814, tokens=522
Setting `pad_token_id` to `eos_token_id`:2 for open-end generation.
      Turn 7: H=0.433, tokens=591
  Trial 9/10 (probe 3):
Setting `pad_token_id` to `eos_token_id`:2 for open-end generation.
      Turn 0: H=0.535, tokens=100
Setting `pad_token_id` to `eos_token_id`:2 for open-end generation.
      Turn 1: H=1.351, tokens=169
Setting `pad_token_id` to `eos_token_id`:2 for open-end generation.
      Turn 2: H=0.861, tokens=242
Setting `pad_token_id` to `eos_token_id`:2 for open-end generation.
      Turn 3: H=1.041, tokens=310
Setting `pad_token_id` to `eos_token_id`:2 for open-end generation.
      Turn 4: H=1.021, tokens=382
Setting `pad_token_id` to `eos_token_id`:2 for open-end generation.
      Turn 5: H=0.919, tokens=450
Setting `pad_token_id` to `eos_token_id`:2 for open-end generation.
      Turn 6: H=0.528, tokens=519
Setting `pad_token_id` to `eos_token_id`:2 for open-end generation.
      Turn 7: H=0.170, tokens=587
  Trial 10/10 (probe 4):
Setting `pad_token_id` to `eos_token_id`:2 for open-end generation.
      Turn 0: H=0.839, tokens=100
Setting `pad_token_id` to `eos_token_id`:2 for open-end generation.
      Turn 1: H=0.860, tokens=173
Setting `pad_token_id` to `eos_token_id`:2 for open-end generation.
      Turn 2: H=0.928, tokens=241
Setting `pad_token_id` to `eos_token_id`:2 for open-end generation.
      Turn 3: H=0.910, tokens=313
Setting `pad_token_id` to `eos_token_id`:2 for open-end generation.
      Turn 4: H=1.042, tokens=381
Setting `pad_token_id` to `eos_token_id`:2 for open-end generation.
      Turn 5: H=0.418, tokens=450
Setting `pad_token_id` to `eos_token_id`:2 for open-end generation.
      Turn 6: H=0.266, tokens=518
Setting `pad_token_id` to `eos_token_id`:2 for open-end generation.
      Turn 7: H=0.778, tokens=591

  Concentration at turn 2 (relay zone):
    L18: +0.995 (Δ=-0.000)
    L19: +0.891 (Δ=-0.043)
    L20: +0.573 (Δ=+0.000)
    L21: +0.560 (Δ=-0.090)
    L22: +0.201 (Δ=-0.609) ◄ DISRUPTED
    L23: +0.906 (Δ=-0.001)
    L24: +0.295 (Δ=-0.617) ◄ DISRUPTED
    L25: +0.925 (Δ=+0.010)
    L26: +0.929 (Δ=+0.010)
    L27: +0.934 (Δ=+0.010)
    L28: +0.939 (Δ=+0.009)
    L29: +0.942 (Δ=+0.009)
    L30: +0.949 (Δ=+0.009)
    L31: +0.946 (Δ=+0.007)
    L32: -0.012 (Δ=+0.033)

============================================================
  CONDITION: zero_mlp_L22
============================================================
  Trial 1/10 (probe 0):
Setting `pad_token_id` to `eos_token_id`:2 for open-end generation.
      Turn 0: H=0.912, tokens=99
Setting `pad_token_id` to `eos_token_id`:2 for open-end generation.
      Turn 1: H=0.824, tokens=168
Setting `pad_token_id` to `eos_token_id`:2 for open-end generation.
      Turn 2: H=0.894, tokens=236
Setting `pad_token_id` to `eos_token_id`:2 for open-end generation.
      Turn 3: H=0.674, tokens=309
Setting `pad_token_id` to `eos_token_id`:2 for open-end generation.
      Turn 4: H=0.687, tokens=378
Setting `pad_token_id` to `eos_token_id`:2 for open-end generation.
      Turn 5: H=0.643, tokens=451
Setting `pad_token_id` to `eos_token_id`:2 for open-end generation.
      Turn 6: H=0.475, tokens=519
Setting `pad_token_id` to `eos_token_id`:2 for open-end generation.
      Turn 7: H=0.665, tokens=591
  Trial 2/10 (probe 1):
Setting `pad_token_id` to `eos_token_id`:2 for open-end generation.
      Turn 0: H=0.810, tokens=101
Setting `pad_token_id` to `eos_token_id`:2 for open-end generation.
      Turn 1: H=0.869, tokens=170
Setting `pad_token_id` to `eos_token_id`:2 for open-end generation.
      Turn 2: H=0.884, tokens=243
Setting `pad_token_id` to `eos_token_id`:2 for open-end generation.
      Turn 3: H=0.917, tokens=312
Setting `pad_token_id` to `eos_token_id`:2 for open-end generation.
      Turn 4: H=0.679, tokens=385
Setting `pad_token_id` to `eos_token_id`:2 for open-end generation.
      Turn 5: H=0.817, tokens=453
Setting `pad_token_id` to `eos_token_id`:2 for open-end generation.
      Turn 6: H=0.820, tokens=525
Setting `pad_token_id` to `eos_token_id`:2 for open-end generation.
      Turn 7: H=0.767, tokens=593
  Trial 3/10 (probe 2):
Setting `pad_token_id` to `eos_token_id`:2 for open-end generation.
      Turn 0: H=0.953, tokens=99
Setting `pad_token_id` to `eos_token_id`:2 for open-end generation.
      Turn 1: H=1.008, tokens=172
Setting `pad_token_id` to `eos_token_id`:2 for open-end generation.
      Turn 2: H=1.242, tokens=241
Setting `pad_token_id` to `eos_token_id`:2 for open-end generation.
      Turn 3: H=0.609, tokens=314
Setting `pad_token_id` to `eos_token_id`:2 for open-end generation.
      Turn 4: H=1.206, tokens=382
Setting `pad_token_id` to `eos_token_id`:2 for open-end generation.
      Turn 5: H=0.976, tokens=454
Setting `pad_token_id` to `eos_token_id`:2 for open-end generation.
      Turn 6: H=0.729, tokens=522
Setting `pad_token_id` to `eos_token_id`:2 for open-end generation.
      Turn 7: H=0.482, tokens=591
  Trial 4/10 (probe 3):
Setting `pad_token_id` to `eos_token_id`:2 for open-end generation.
      Turn 0: H=0.540, tokens=100
Setting `pad_token_id` to `eos_token_id`:2 for open-end generation.
      Turn 1: H=0.939, tokens=169
Setting `pad_token_id` to `eos_token_id`:2 for open-end generation.
      Turn 2: H=0.749, tokens=242
Setting `pad_token_id` to `eos_token_id`:2 for open-end generation.
      Turn 3: H=0.917, tokens=310
Setting `pad_token_id` to `eos_token_id`:2 for open-end generation.
      Turn 4: H=0.846, tokens=382
Setting `pad_token_id` to `eos_token_id`:2 for open-end generation.
      Turn 5: H=0.720, tokens=450
Setting `pad_token_id` to `eos_token_id`:2 for open-end generation.
      Turn 6: H=0.648, tokens=519
Setting `pad_token_id` to `eos_token_id`:2 for open-end generation.
      Turn 7: H=0.395, tokens=587
  Trial 5/10 (probe 4):
Setting `pad_token_id` to `eos_token_id`:2 for open-end generation.
      Turn 0: H=1.044, tokens=100
Setting `pad_token_id` to `eos_token_id`:2 for open-end generation.
      Turn 1: H=0.953, tokens=173
Setting `pad_token_id` to `eos_token_id`:2 for open-end generation.
      Turn 2: H=0.989, tokens=241
Setting `pad_token_id` to `eos_token_id`:2 for open-end generation.
      Turn 3: H=0.898, tokens=311
Setting `pad_token_id` to `eos_token_id`:2 for open-end generation.
      Turn 4: H=0.653, tokens=379
Setting `pad_token_id` to `eos_token_id`:2 for open-end generation.
      Turn 5: H=0.499, tokens=448
Setting `pad_token_id` to `eos_token_id`:2 for open-end generation.
      Turn 6: H=0.204, tokens=516
Setting `pad_token_id` to `eos_token_id`:2 for open-end generation.
      Turn 7: H=0.175, tokens=589
  Trial 6/10 (probe 0):
Setting `pad_token_id` to `eos_token_id`:2 for open-end generation.
      Turn 0: H=0.912, tokens=99
Setting `pad_token_id` to `eos_token_id`:2 for open-end generation.
      Turn 1: H=0.824, tokens=168
Setting `pad_token_id` to `eos_token_id`:2 for open-end generation.
      Turn 2: H=0.894, tokens=236
Setting `pad_token_id` to `eos_token_id`:2 for open-end generation.
      Turn 3: H=0.674, tokens=309
Setting `pad_token_id` to `eos_token_id`:2 for open-end generation.
      Turn 4: H=0.687, tokens=378
Setting `pad_token_id` to `eos_token_id`:2 for open-end generation.
      Turn 5: H=0.643, tokens=451
Setting `pad_token_id` to `eos_token_id`:2 for open-end generation.
      Turn 6: H=0.475, tokens=519
Setting `pad_token_id` to `eos_token_id`:2 for open-end generation.
      Turn 7: H=0.665, tokens=591
  Trial 7/10 (probe 1):
Setting `pad_token_id` to `eos_token_id`:2 for open-end generation.
      Turn 0: H=0.810, tokens=101
Setting `pad_token_id` to `eos_token_id`:2 for open-end generation.
      Turn 1: H=0.869, tokens=170
Setting `pad_token_id` to `eos_token_id`:2 for open-end generation.
      Turn 2: H=0.884, tokens=243
Setting `pad_token_id` to `eos_token_id`:2 for open-end generation.
      Turn 3: H=0.917, tokens=312
Setting `pad_token_id` to `eos_token_id`:2 for open-end generation.
      Turn 4: H=0.679, tokens=385
Setting `pad_token_id` to `eos_token_id`:2 for open-end generation.
      Turn 5: H=0.817, tokens=453
Setting `pad_token_id` to `eos_token_id`:2 for open-end generation.
      Turn 6: H=0.820, tokens=525
Setting `pad_token_id` to `eos_token_id`:2 for open-end generation.
      Turn 7: H=0.767, tokens=593
  Trial 8/10 (probe 2):
Setting `pad_token_id` to `eos_token_id`:2 for open-end generation.
      Turn 0: H=0.953, tokens=99
Setting `pad_token_id` to `eos_token_id`:2 for open-end generation.
      Turn 1: H=1.008, tokens=172
Setting `pad_token_id` to `eos_token_id`:2 for open-end generation.
      Turn 2: H=1.242, tokens=241
Setting `pad_token_id` to `eos_token_id`:2 for open-end generation.
      Turn 3: H=0.609, tokens=314
Setting `pad_token_id` to `eos_token_id`:2 for open-end generation.
      Turn 4: H=1.206, tokens=382
Setting `pad_token_id` to `eos_token_id`:2 for open-end generation.
      Turn 5: H=0.976, tokens=454
Setting `pad_token_id` to `eos_token_id`:2 for open-end generation.
      Turn 6: H=0.729, tokens=522
Setting `pad_token_id` to `eos_token_id`:2 for open-end generation.
      Turn 7: H=0.482, tokens=591
  Trial 9/10 (probe 3):
Setting `pad_token_id` to `eos_token_id`:2 for open-end generation.
      Turn 0: H=0.540, tokens=100
Setting `pad_token_id` to `eos_token_id`:2 for open-end generation.
      Turn 1: H=0.939, tokens=169
Setting `pad_token_id` to `eos_token_id`:2 for open-end generation.
      Turn 2: H=0.749, tokens=242
Setting `pad_token_id` to `eos_token_id`:2 for open-end generation.
      Turn 3: H=0.917, tokens=310
Setting `pad_token_id` to `eos_token_id`:2 for open-end generation.
      Turn 4: H=0.846, tokens=382
Setting `pad_token_id` to `eos_token_id`:2 for open-end generation.
      Turn 5: H=0.720, tokens=450
Setting `pad_token_id` to `eos_token_id`:2 for open-end generation.
      Turn 6: H=0.648, tokens=519
Setting `pad_token_id` to `eos_token_id`:2 for open-end generation.
      Turn 7: H=0.395, tokens=587
  Trial 10/10 (probe 4):
Setting `pad_token_id` to `eos_token_id`:2 for open-end generation.
      Turn 0: H=1.044, tokens=100
Setting `pad_token_id` to `eos_token_id`:2 for open-end generation.
      Turn 1: H=0.953, tokens=173
Setting `pad_token_id` to `eos_token_id`:2 for open-end generation.
      Turn 2: H=0.989, tokens=241
Setting `pad_token_id` to `eos_token_id`:2 for open-end generation.
      Turn 3: H=0.898, tokens=311
Setting `pad_token_id` to `eos_token_id`:2 for open-end generation.
      Turn 4: H=0.653, tokens=379
Setting `pad_token_id` to `eos_token_id`:2 for open-end generation.
      Turn 5: H=0.499, tokens=448
Setting `pad_token_id` to `eos_token_id`:2 for open-end generation.
      Turn 6: H=0.204, tokens=516
Setting `pad_token_id` to `eos_token_id`:2 for open-end generation.
      Turn 7: H=0.175, tokens=589

  Concentration at turn 2 (relay zone):
    L18: +0.998 (Δ=+0.002)
    L19: +0.978 (Δ=+0.044)
    L20: +0.627 (Δ=+0.054)
    L21: +0.907 (Δ=+0.257) ◄ DISRUPTED
    L22: +0.921 (Δ=+0.111)
    L23: +0.920 (Δ=+0.013)
    L24: +0.921 (Δ=+0.009)
    L25: +0.921 (Δ=+0.007)
    L26: +0.925 (Δ=+0.006)
    L27: +0.928 (Δ=+0.005)
    L28: +0.935 (Δ=+0.005)
    L29: +0.938 (Δ=+0.006)
    L30: +0.948 (Δ=+0.007)
    L31: +0.952 (Δ=+0.013)
    L32: +0.001 (Δ=+0.045)

============================================================
  CONDITION: zero_attn_L22
============================================================
  Trial 1/10 (probe 0):
Setting `pad_token_id` to `eos_token_id`:2 for open-end generation.
      Turn 0: H=0.398, tokens=99
Setting `pad_token_id` to `eos_token_id`:2 for open-end generation.
      Turn 1: H=0.739, tokens=168
Setting `pad_token_id` to `eos_token_id`:2 for open-end generation.
      Turn 2: H=0.869, tokens=236
Setting `pad_token_id` to `eos_token_id`:2 for open-end generation.
      Turn 3: H=0.750, tokens=309
Setting `pad_token_id` to `eos_token_id`:2 for open-end generation.
      Turn 4: H=0.956, tokens=378
Setting `pad_token_id` to `eos_token_id`:2 for open-end generation.
      Turn 5: H=0.693, tokens=451
Setting `pad_token_id` to `eos_token_id`:2 for open-end generation.
      Turn 6: H=0.806, tokens=519
Setting `pad_token_id` to `eos_token_id`:2 for open-end generation.
      Turn 7: H=0.672, tokens=591
  Trial 2/10 (probe 1):
Setting `pad_token_id` to `eos_token_id`:2 for open-end generation.
      Turn 0: H=0.838, tokens=101
Setting `pad_token_id` to `eos_token_id`:2 for open-end generation.
      Turn 1: H=0.733, tokens=170
Setting `pad_token_id` to `eos_token_id`:2 for open-end generation.
      Turn 2: H=0.660, tokens=243
Setting `pad_token_id` to `eos_token_id`:2 for open-end generation.
      Turn 3: H=0.603, tokens=312
Setting `pad_token_id` to `eos_token_id`:2 for open-end generation.
      Turn 4: H=0.515, tokens=385
Setting `pad_token_id` to `eos_token_id`:2 for open-end generation.
      Turn 5: H=0.611, tokens=453
Setting `pad_token_id` to `eos_token_id`:2 for open-end generation.
      Turn 6: H=1.010, tokens=525
Setting `pad_token_id` to `eos_token_id`:2 for open-end generation.
      Turn 7: H=0.785, tokens=593
  Trial 3/10 (probe 2):
Setting `pad_token_id` to `eos_token_id`:2 for open-end generation.
      Turn 0: H=1.001, tokens=99
Setting `pad_token_id` to `eos_token_id`:2 for open-end generation.
      Turn 1: H=0.881, tokens=172
Setting `pad_token_id` to `eos_token_id`:2 for open-end generation.
      Turn 2: H=0.945, tokens=241
Setting `pad_token_id` to `eos_token_id`:2 for open-end generation.
      Turn 3: H=0.678, tokens=314
Setting `pad_token_id` to `eos_token_id`:2 for open-end generation.
      Turn 4: H=0.865, tokens=382
Setting `pad_token_id` to `eos_token_id`:2 for open-end generation.
      Turn 5: H=0.772, tokens=454
Setting `pad_token_id` to `eos_token_id`:2 for open-end generation.
      Turn 6: H=0.654, tokens=522
Setting `pad_token_id` to `eos_token_id`:2 for open-end generation.
      Turn 7: H=0.357, tokens=591
  Trial 4/10 (probe 3):
Setting `pad_token_id` to `eos_token_id`:2 for open-end generation.
      Turn 0: H=0.720, tokens=100
Setting `pad_token_id` to `eos_token_id`:2 for open-end generation.
      Turn 1: H=1.098, tokens=169
Setting `pad_token_id` to `eos_token_id`:2 for open-end generation.
      Turn 2: H=0.803, tokens=242
Setting `pad_token_id` to `eos_token_id`:2 for open-end generation.
      Turn 3: H=0.492, tokens=310
Setting `pad_token_id` to `eos_token_id`:2 for open-end generation.
      Turn 4: H=0.830, tokens=382
Setting `pad_token_id` to `eos_token_id`:2 for open-end generation.
      Turn 5: H=0.287, tokens=450
Setting `pad_token_id` to `eos_token_id`:2 for open-end generation.
      Turn 6: H=0.525, tokens=519
Setting `pad_token_id` to `eos_token_id`:2 for open-end generation.
      Turn 7: H=0.177, tokens=587
  Trial 5/10 (probe 4):
Setting `pad_token_id` to `eos_token_id`:2 for open-end generation.
      Turn 0: H=1.081, tokens=100
Setting `pad_token_id` to `eos_token_id`:2 for open-end generation.
      Turn 1: H=0.845, tokens=173
Setting `pad_token_id` to `eos_token_id`:2 for open-end generation.
      Turn 2: H=0.856, tokens=241
Setting `pad_token_id` to `eos_token_id`:2 for open-end generation.
      Turn 3: H=0.612, tokens=313
Setting `pad_token_id` to `eos_token_id`:2 for open-end generation.
      Turn 4: H=0.951, tokens=381
Setting `pad_token_id` to `eos_token_id`:2 for open-end generation.
      Turn 5: H=0.672, tokens=450
Setting `pad_token_id` to `eos_token_id`:2 for open-end generation.
      Turn 6: H=0.203, tokens=518
Setting `pad_token_id` to `eos_token_id`:2 for open-end generation.
      Turn 7: H=0.468, tokens=591
  Trial 6/10 (probe 0):
Setting `pad_token_id` to `eos_token_id`:2 for open-end generation.
      Turn 0: H=0.398, tokens=99
Setting `pad_token_id` to `eos_token_id`:2 for open-end generation.
      Turn 1: H=0.739, tokens=168
Setting `pad_token_id` to `eos_token_id`:2 for open-end generation.
      Turn 2: H=0.869, tokens=236
Setting `pad_token_id` to `eos_token_id`:2 for open-end generation.
      Turn 3: H=0.750, tokens=309
Setting `pad_token_id` to `eos_token_id`:2 for open-end generation.
      Turn 4: H=0.956, tokens=378
Setting `pad_token_id` to `eos_token_id`:2 for open-end generation.
      Turn 5: H=0.693, tokens=451
Setting `pad_token_id` to `eos_token_id`:2 for open-end generation.
      Turn 6: H=0.806, tokens=519
Setting `pad_token_id` to `eos_token_id`:2 for open-end generation.
      Turn 7: H=0.672, tokens=591
  Trial 7/10 (probe 1):
Setting `pad_token_id` to `eos_token_id`:2 for open-end generation.
      Turn 0: H=0.838, tokens=101
Setting `pad_token_id` to `eos_token_id`:2 for open-end generation.
      Turn 1: H=0.733, tokens=170
Setting `pad_token_id` to `eos_token_id`:2 for open-end generation.
      Turn 2: H=0.660, tokens=243
Setting `pad_token_id` to `eos_token_id`:2 for open-end generation.
      Turn 3: H=0.603, tokens=312
Setting `pad_token_id` to `eos_token_id`:2 for open-end generation.
      Turn 4: H=0.515, tokens=385
Setting `pad_token_id` to `eos_token_id`:2 for open-end generation.
      Turn 5: H=0.611, tokens=453
Setting `pad_token_id` to `eos_token_id`:2 for open-end generation.
      Turn 6: H=1.010, tokens=525
Setting `pad_token_id` to `eos_token_id`:2 for open-end generation.
      Turn 7: H=0.785, tokens=593
  Trial 8/10 (probe 2):
Setting `pad_token_id` to `eos_token_id`:2 for open-end generation.
      Turn 0: H=1.001, tokens=99
Setting `pad_token_id` to `eos_token_id`:2 for open-end generation.
      Turn 1: H=0.881, tokens=172
Setting `pad_token_id` to `eos_token_id`:2 for open-end generation.
      Turn 2: H=0.945, tokens=241
Setting `pad_token_id` to `eos_token_id`:2 for open-end generation.
      Turn 3: H=0.678, tokens=314
Setting `pad_token_id` to `eos_token_id`:2 for open-end generation.
      Turn 4: H=0.865, tokens=382
Setting `pad_token_id` to `eos_token_id`:2 for open-end generation.
      Turn 5: H=0.772, tokens=454
Setting `pad_token_id` to `eos_token_id`:2 for open-end generation.
      Turn 6: H=0.654, tokens=522
Setting `pad_token_id` to `eos_token_id`:2 for open-end generation.
      Turn 7: H=0.357, tokens=591
  Trial 9/10 (probe 3):
Setting `pad_token_id` to `eos_token_id`:2 for open-end generation.
      Turn 0: H=0.720, tokens=100
Setting `pad_token_id` to `eos_token_id`:2 for open-end generation.
      Turn 1: H=1.098, tokens=169
Setting `pad_token_id` to `eos_token_id`:2 for open-end generation.
      Turn 2: H=0.803, tokens=242
Setting `pad_token_id` to `eos_token_id`:2 for open-end generation.
      Turn 3: H=0.492, tokens=310
Setting `pad_token_id` to `eos_token_id`:2 for open-end generation.
      Turn 4: H=0.830, tokens=382
Setting `pad_token_id` to `eos_token_id`:2 for open-end generation.
      Turn 5: H=0.287, tokens=450
Setting `pad_token_id` to `eos_token_id`:2 for open-end generation.
      Turn 6: H=0.525, tokens=519
Setting `pad_token_id` to `eos_token_id`:2 for open-end generation.
      Turn 7: H=0.177, tokens=587
  Trial 10/10 (probe 4):
Setting `pad_token_id` to `eos_token_id`:2 for open-end generation.
      Turn 0: H=1.081, tokens=100
Setting `pad_token_id` to `eos_token_id`:2 for open-end generation.
      Turn 1: H=0.845, tokens=173
Setting `pad_token_id` to `eos_token_id`:2 for open-end generation.
      Turn 2: H=0.856, tokens=241
Setting `pad_token_id` to `eos_token_id`:2 for open-end generation.
      Turn 3: H=0.612, tokens=313
Setting `pad_token_id` to `eos_token_id`:2 for open-end generation.
      Turn 4: H=0.951, tokens=381
Setting `pad_token_id` to `eos_token_id`:2 for open-end generation.
      Turn 5: H=0.672, tokens=450
Setting `pad_token_id` to `eos_token_id`:2 for open-end generation.
      Turn 6: H=0.203, tokens=518
Setting `pad_token_id` to `eos_token_id`:2 for open-end generation.
      Turn 7: H=0.468, tokens=591

  Concentration at turn 2 (relay zone):
    L18: +0.993 (Δ=-0.003)
    L19: +0.324 (Δ=-0.609) ◄ DISRUPTED
    L20: +0.644 (Δ=+0.070)
    L21: +0.694 (Δ=+0.044)
    L22: +0.888 (Δ=+0.078)
    L23: +0.895 (Δ=-0.012)
    L24: +0.901 (Δ=-0.010)
    L25: +0.903 (Δ=-0.012)
    L26: +0.265 (Δ=-0.654) ◄ DISRUPTED
    L27: +0.913 (Δ=-0.010)
    L28: +0.922 (Δ=-0.008)
    L29: +0.925 (Δ=-0.007)
    L30: +0.936 (Δ=-0.004)
    L31: +0.917 (Δ=-0.022)
    L32: +0.699 (Δ=+0.743) ◄ DISRUPTED

============================================================
  CONDITION: zero_mlp_L23
============================================================
  Trial 1/10 (probe 0):
Setting `pad_token_id` to `eos_token_id`:2 for open-end generation.
      Turn 0: H=0.851, tokens=99
Setting `pad_token_id` to `eos_token_id`:2 for open-end generation.
      Turn 1: H=0.691, tokens=168
Setting `pad_token_id` to `eos_token_id`:2 for open-end generation.
      Turn 2: H=0.503, tokens=236
Setting `pad_token_id` to `eos_token_id`:2 for open-end generation.
      Turn 3: H=0.537, tokens=309
Setting `pad_token_id` to `eos_token_id`:2 for open-end generation.
      Turn 4: H=0.424, tokens=378
Setting `pad_token_id` to `eos_token_id`:2 for open-end generation.
      Turn 5: H=0.209, tokens=451
Setting `pad_token_id` to `eos_token_id`:2 for open-end generation.
      Turn 6: H=0.153, tokens=519
Setting `pad_token_id` to `eos_token_id`:2 for open-end generation.
      Turn 7: H=0.161, tokens=591
  Trial 2/10 (probe 1):
Setting `pad_token_id` to `eos_token_id`:2 for open-end generation.
      Turn 0: H=0.947, tokens=101
Setting `pad_token_id` to `eos_token_id`:2 for open-end generation.
      Turn 1: H=0.797, tokens=170
Setting `pad_token_id` to `eos_token_id`:2 for open-end generation.
      Turn 2: H=1.226, tokens=243
Setting `pad_token_id` to `eos_token_id`:2 for open-end generation.
      Turn 3: H=0.840, tokens=312
Setting `pad_token_id` to `eos_token_id`:2 for open-end generation.
      Turn 4: H=0.680, tokens=385
Setting `pad_token_id` to `eos_token_id`:2 for open-end generation.
      Turn 5: H=0.623, tokens=453
Setting `pad_token_id` to `eos_token_id`:2 for open-end generation.
      Turn 6: H=1.031, tokens=525
Setting `pad_token_id` to `eos_token_id`:2 for open-end generation.
      Turn 7: H=0.993, tokens=593
  Trial 3/10 (probe 2):
Setting `pad_token_id` to `eos_token_id`:2 for open-end generation.
      Turn 0: H=0.856, tokens=99
Setting `pad_token_id` to `eos_token_id`:2 for open-end generation.
      Turn 1: H=1.068, tokens=172
Setting `pad_token_id` to `eos_token_id`:2 for open-end generation.
      Turn 2: H=0.803, tokens=241
Setting `pad_token_id` to `eos_token_id`:2 for open-end generation.
      Turn 3: H=0.758, tokens=314
Setting `pad_token_id` to `eos_token_id`:2 for open-end generation.
      Turn 4: H=0.503, tokens=382
Setting `pad_token_id` to `eos_token_id`:2 for open-end generation.
      Turn 5: H=0.823, tokens=454
Setting `pad_token_id` to `eos_token_id`:2 for open-end generation.
      Turn 6: H=0.286, tokens=522
Setting `pad_token_id` to `eos_token_id`:2 for open-end generation.
      Turn 7: H=0.573, tokens=591
  Trial 4/10 (probe 3):
Setting `pad_token_id` to `eos_token_id`:2 for open-end generation.
      Turn 0: H=0.842, tokens=100
Setting `pad_token_id` to `eos_token_id`:2 for open-end generation.
      Turn 1: H=1.442, tokens=169
Setting `pad_token_id` to `eos_token_id`:2 for open-end generation.
      Turn 2: H=0.789, tokens=242
Setting `pad_token_id` to `eos_token_id`:2 for open-end generation.
      Turn 3: H=0.785, tokens=310
Setting `pad_token_id` to `eos_token_id`:2 for open-end generation.
      Turn 4: H=0.797, tokens=382
Setting `pad_token_id` to `eos_token_id`:2 for open-end generation.
      Turn 5: H=0.242, tokens=450
Setting `pad_token_id` to `eos_token_id`:2 for open-end generation.
      Turn 6: H=0.798, tokens=519
Setting `pad_token_id` to `eos_token_id`:2 for open-end generation.
      Turn 7: H=0.275, tokens=587
  Trial 5/10 (probe 4):
Setting `pad_token_id` to `eos_token_id`:2 for open-end generation.
      Turn 0: H=1.000, tokens=100
Setting `pad_token_id` to `eos_token_id`:2 for open-end generation.
      Turn 1: H=0.829, tokens=173
Setting `pad_token_id` to `eos_token_id`:2 for open-end generation.
      Turn 2: H=0.986, tokens=241
Setting `pad_token_id` to `eos_token_id`:2 for open-end generation.
      Turn 3: H=0.948, tokens=313
Setting `pad_token_id` to `eos_token_id`:2 for open-end generation.
      Turn 4: H=1.111, tokens=381
Setting `pad_token_id` to `eos_token_id`:2 for open-end generation.
      Turn 5: H=0.900, tokens=450
Setting `pad_token_id` to `eos_token_id`:2 for open-end generation.
      Turn 6: H=0.241, tokens=518
Setting `pad_token_id` to `eos_token_id`:2 for open-end generation.
      Turn 7: H=0.764, tokens=591
  Trial 6/10 (probe 0):
Setting `pad_token_id` to `eos_token_id`:2 for open-end generation.
      Turn 0: H=0.851, tokens=99
Setting `pad_token_id` to `eos_token_id`:2 for open-end generation.
      Turn 1: H=0.691, tokens=168
Setting `pad_token_id` to `eos_token_id`:2 for open-end generation.
      Turn 2: H=0.503, tokens=236
Setting `pad_token_id` to `eos_token_id`:2 for open-end generation.
      Turn 3: H=0.537, tokens=309
Setting `pad_token_id` to `eos_token_id`:2 for open-end generation.
      Turn 4: H=0.424, tokens=378
Setting `pad_token_id` to `eos_token_id`:2 for open-end generation.
      Turn 5: H=0.209, tokens=451
Setting `pad_token_id` to `eos_token_id`:2 for open-end generation.
      Turn 6: H=0.153, tokens=519
Setting `pad_token_id` to `eos_token_id`:2 for open-end generation.
      Turn 7: H=0.161, tokens=591
  Trial 7/10 (probe 1):
Setting `pad_token_id` to `eos_token_id`:2 for open-end generation.
      Turn 0: H=0.947, tokens=101
Setting `pad_token_id` to `eos_token_id`:2 for open-end generation.
      Turn 1: H=0.797, tokens=170
Setting `pad_token_id` to `eos_token_id`:2 for open-end generation.
      Turn 2: H=1.226, tokens=243
Setting `pad_token_id` to `eos_token_id`:2 for open-end generation.
      Turn 3: H=0.840, tokens=312
Setting `pad_token_id` to `eos_token_id`:2 for open-end generation.
      Turn 4: H=0.680, tokens=385
Setting `pad_token_id` to `eos_token_id`:2 for open-end generation.
      Turn 5: H=0.623, tokens=453
Setting `pad_token_id` to `eos_token_id`:2 for open-end generation.
      Turn 6: H=1.031, tokens=525
Setting `pad_token_id` to `eos_token_id`:2 for open-end generation.
      Turn 7: H=0.993, tokens=593
  Trial 8/10 (probe 2):
Setting `pad_token_id` to `eos_token_id`:2 for open-end generation.
      Turn 0: H=0.856, tokens=99
Setting `pad_token_id` to `eos_token_id`:2 for open-end generation.
      Turn 1: H=1.068, tokens=172
Setting `pad_token_id` to `eos_token_id`:2 for open-end generation.
      Turn 2: H=0.803, tokens=241
Setting `pad_token_id` to `eos_token_id`:2 for open-end generation.
      Turn 3: H=0.758, tokens=314
Setting `pad_token_id` to `eos_token_id`:2 for open-end generation.
      Turn 4: H=0.503, tokens=382
Setting `pad_token_id` to `eos_token_id`:2 for open-end generation.
      Turn 5: H=0.823, tokens=454
Setting `pad_token_id` to `eos_token_id`:2 for open-end generation.
      Turn 6: H=0.286, tokens=522
Setting `pad_token_id` to `eos_token_id`:2 for open-end generation.
      Turn 7: H=0.573, tokens=591
  Trial 9/10 (probe 3):
Setting `pad_token_id` to `eos_token_id`:2 for open-end generation.
      Turn 0: H=0.842, tokens=100
Setting `pad_token_id` to `eos_token_id`:2 for open-end generation.
      Turn 1: H=1.442, tokens=169
Setting `pad_token_id` to `eos_token_id`:2 for open-end generation.
      Turn 2: H=0.789, tokens=242
Setting `pad_token_id` to `eos_token_id`:2 for open-end generation.
      Turn 3: H=0.785, tokens=310
Setting `pad_token_id` to `eos_token_id`:2 for open-end generation.
      Turn 4: H=0.797, tokens=382
Setting `pad_token_id` to `eos_token_id`:2 for open-end generation.
      Turn 5: H=0.242, tokens=450
Setting `pad_token_id` to `eos_token_id`:2 for open-end generation.
      Turn 6: H=0.798, tokens=519
Setting `pad_token_id` to `eos_token_id`:2 for open-end generation.
      Turn 7: H=0.275, tokens=587
  Trial 10/10 (probe 4):
Setting `pad_token_id` to `eos_token_id`:2 for open-end generation.
      Turn 0: H=1.000, tokens=100
Setting `pad_token_id` to `eos_token_id`:2 for open-end generation.
      Turn 1: H=0.829, tokens=173
Setting `pad_token_id` to `eos_token_id`:2 for open-end generation.
      Turn 2: H=0.986, tokens=241
Setting `pad_token_id` to `eos_token_id`:2 for open-end generation.
      Turn 3: H=0.948, tokens=313
Setting `pad_token_id` to `eos_token_id`:2 for open-end generation.
      Turn 4: H=1.111, tokens=381
Setting `pad_token_id` to `eos_token_id`:2 for open-end generation.
      Turn 5: H=0.900, tokens=450
Setting `pad_token_id` to `eos_token_id`:2 for open-end generation.
      Turn 6: H=0.241, tokens=518
Setting `pad_token_id` to `eos_token_id`:2 for open-end generation.
      Turn 7: H=0.764, tokens=591

  Concentration at turn 2 (relay zone):
    L18: +0.995 (Δ=-0.000)
    L19: +0.873 (Δ=-0.061)
    L20: +0.594 (Δ=+0.020)
    L21: +0.581 (Δ=-0.069)
    L22: +0.907 (Δ=+0.097)
    L23: +0.914 (Δ=+0.007)
    L24: +0.915 (Δ=+0.003)
    L25: +0.913 (Δ=-0.001)
    L26: +0.916 (Δ=-0.003)
    L27: +0.280 (Δ=-0.643) ◄ DISRUPTED
    L28: +0.927 (Δ=-0.003)
    L29: +0.930 (Δ=-0.002)
    L30: +0.941 (Δ=-0.000)
    L31: +0.947 (Δ=+0.008)
    L32: +0.657 (Δ=+0.702) ◄ DISRUPTED

============================================================
  CONDITION: zero_attn_L23
============================================================
  Trial 1/10 (probe 0):
Setting `pad_token_id` to `eos_token_id`:2 for open-end generation.
      Turn 0: H=0.653, tokens=99
Setting `pad_token_id` to `eos_token_id`:2 for open-end generation.
      Turn 1: H=0.756, tokens=168
Setting `pad_token_id` to `eos_token_id`:2 for open-end generation.
      Turn 2: H=0.801, tokens=236
Setting `pad_token_id` to `eos_token_id`:2 for open-end generation.
      Turn 3: H=0.653, tokens=309
Setting `pad_token_id` to `eos_token_id`:2 for open-end generation.
      Turn 4: H=0.283, tokens=378
Setting `pad_token_id` to `eos_token_id`:2 for open-end generation.
      Turn 5: H=0.530, tokens=451
Setting `pad_token_id` to `eos_token_id`:2 for open-end generation.
      Turn 6: H=0.306, tokens=519
Setting `pad_token_id` to `eos_token_id`:2 for open-end generation.
      Turn 7: H=0.524, tokens=591
  Trial 2/10 (probe 1):
Setting `pad_token_id` to `eos_token_id`:2 for open-end generation.
      Turn 0: H=0.856, tokens=101
Setting `pad_token_id` to `eos_token_id`:2 for open-end generation.
      Turn 1: H=0.838, tokens=170
Setting `pad_token_id` to `eos_token_id`:2 for open-end generation.
      Turn 2: H=1.040, tokens=243
Setting `pad_token_id` to `eos_token_id`:2 for open-end generation.
      Turn 3: H=1.190, tokens=312
Setting `pad_token_id` to `eos_token_id`:2 for open-end generation.
      Turn 4: H=0.836, tokens=385
Setting `pad_token_id` to `eos_token_id`:2 for open-end generation.
      Turn 5: H=0.356, tokens=453
Setting `pad_token_id` to `eos_token_id`:2 for open-end generation.
      Turn 6: H=0.972, tokens=525
Setting `pad_token_id` to `eos_token_id`:2 for open-end generation.
      Turn 7: H=0.601, tokens=593
  Trial 3/10 (probe 2):
Setting `pad_token_id` to `eos_token_id`:2 for open-end generation.
      Turn 0: H=1.156, tokens=99
Setting `pad_token_id` to `eos_token_id`:2 for open-end generation.
      Turn 1: H=0.861, tokens=172
Setting `pad_token_id` to `eos_token_id`:2 for open-end generation.
      Turn 2: H=0.934, tokens=241
Setting `pad_token_id` to `eos_token_id`:2 for open-end generation.
      Turn 3: H=0.898, tokens=314
Setting `pad_token_id` to `eos_token_id`:2 for open-end generation.
      Turn 4: H=0.695, tokens=382
Setting `pad_token_id` to `eos_token_id`:2 for open-end generation.
      Turn 5: H=1.054, tokens=454
Setting `pad_token_id` to `eos_token_id`:2 for open-end generation.
      Turn 6: H=0.972, tokens=522
Setting `pad_token_id` to `eos_token_id`:2 for open-end generation.
      Turn 7: H=0.782, tokens=591
  Trial 4/10 (probe 3):
Setting `pad_token_id` to `eos_token_id`:2 for open-end generation.
      Turn 0: H=0.602, tokens=100
Setting `pad_token_id` to `eos_token_id`:2 for open-end generation.
      Turn 1: H=1.151, tokens=169
Setting `pad_token_id` to `eos_token_id`:2 for open-end generation.
      Turn 2: H=0.719, tokens=242
Setting `pad_token_id` to `eos_token_id`:2 for open-end generation.
      Turn 3: H=0.886, tokens=310
Setting `pad_token_id` to `eos_token_id`:2 for open-end generation.
      Turn 4: H=0.819, tokens=382
Setting `pad_token_id` to `eos_token_id`:2 for open-end generation.
      Turn 5: H=0.696, tokens=450
Setting `pad_token_id` to `eos_token_id`:2 for open-end generation.
      Turn 6: H=0.195, tokens=519
Setting `pad_token_id` to `eos_token_id`:2 for open-end generation.
      Turn 7: H=0.076, tokens=587
  Trial 5/10 (probe 4):
Setting `pad_token_id` to `eos_token_id`:2 for open-end generation.
      Turn 0: H=0.859, tokens=100
Setting `pad_token_id` to `eos_token_id`:2 for open-end generation.
      Turn 1: H=0.808, tokens=173
Setting `pad_token_id` to `eos_token_id`:2 for open-end generation.
      Turn 2: H=1.041, tokens=240
Setting `pad_token_id` to `eos_token_id`:2 for open-end generation.
      Turn 3: H=0.726, tokens=312
Setting `pad_token_id` to `eos_token_id`:2 for open-end generation.
      Turn 4: H=0.778, tokens=380
Setting `pad_token_id` to `eos_token_id`:2 for open-end generation.
      Turn 5: H=0.402, tokens=449
Setting `pad_token_id` to `eos_token_id`:2 for open-end generation.
      Turn 6: H=0.070, tokens=517
Setting `pad_token_id` to `eos_token_id`:2 for open-end generation.
      Turn 7: H=0.926, tokens=590
  Trial 6/10 (probe 0):
Setting `pad_token_id` to `eos_token_id`:2 for open-end generation.
      Turn 0: H=0.653, tokens=99
Setting `pad_token_id` to `eos_token_id`:2 for open-end generation.
      Turn 1: H=0.756, tokens=168
Setting `pad_token_id` to `eos_token_id`:2 for open-end generation.
      Turn 2: H=0.801, tokens=236
Setting `pad_token_id` to `eos_token_id`:2 for open-end generation.
      Turn 3: H=0.653, tokens=309
Setting `pad_token_id` to `eos_token_id`:2 for open-end generation.
      Turn 4: H=0.283, tokens=378
Setting `pad_token_id` to `eos_token_id`:2 for open-end generation.
      Turn 5: H=0.530, tokens=451
Setting `pad_token_id` to `eos_token_id`:2 for open-end generation.
      Turn 6: H=0.306, tokens=519
Setting `pad_token_id` to `eos_token_id`:2 for open-end generation.
      Turn 7: H=0.524, tokens=591
  Trial 7/10 (probe 1):
Setting `pad_token_id` to `eos_token_id`:2 for open-end generation.
      Turn 0: H=0.856, tokens=101
Setting `pad_token_id` to `eos_token_id`:2 for open-end generation.
      Turn 1: H=0.838, tokens=170
Setting `pad_token_id` to `eos_token_id`:2 for open-end generation.
      Turn 2: H=1.040, tokens=243
Setting `pad_token_id` to `eos_token_id`:2 for open-end generation.
      Turn 3: H=1.190, tokens=312
Setting `pad_token_id` to `eos_token_id`:2 for open-end generation.
      Turn 4: H=0.836, tokens=385
Setting `pad_token_id` to `eos_token_id`:2 for open-end generation.
      Turn 5: H=0.356, tokens=453
Setting `pad_token_id` to `eos_token_id`:2 for open-end generation.
      Turn 6: H=0.972, tokens=525
Setting `pad_token_id` to `eos_token_id`:2 for open-end generation.
      Turn 7: H=0.601, tokens=593
  Trial 8/10 (probe 2):
Setting `pad_token_id` to `eos_token_id`:2 for open-end generation.
      Turn 0: H=1.156, tokens=99
Setting `pad_token_id` to `eos_token_id`:2 for open-end generation.
      Turn 1: H=0.861, tokens=172
Setting `pad_token_id` to `eos_token_id`:2 for open-end generation.
      Turn 2: H=0.934, tokens=241
Setting `pad_token_id` to `eos_token_id`:2 for open-end generation.
      Turn 3: H=0.898, tokens=314
Setting `pad_token_id` to `eos_token_id`:2 for open-end generation.
      Turn 4: H=0.695, tokens=382
Setting `pad_token_id` to `eos_token_id`:2 for open-end generation.
      Turn 5: H=1.054, tokens=454
Setting `pad_token_id` to `eos_token_id`:2 for open-end generation.
      Turn 6: H=0.972, tokens=522
Setting `pad_token_id` to `eos_token_id`:2 for open-end generation.
      Turn 7: H=0.782, tokens=591
  Trial 9/10 (probe 3):
Setting `pad_token_id` to `eos_token_id`:2 for open-end generation.
      Turn 0: H=0.602, tokens=100
Setting `pad_token_id` to `eos_token_id`:2 for open-end generation.
      Turn 1: H=1.151, tokens=169
Setting `pad_token_id` to `eos_token_id`:2 for open-end generation.
      Turn 2: H=0.719, tokens=242
Setting `pad_token_id` to `eos_token_id`:2 for open-end generation.
      Turn 3: H=0.886, tokens=310
Setting `pad_token_id` to `eos_token_id`:2 for open-end generation.
      Turn 4: H=0.819, tokens=382
Setting `pad_token_id` to `eos_token_id`:2 for open-end generation.
      Turn 5: H=0.696, tokens=450
Setting `pad_token_id` to `eos_token_id`:2 for open-end generation.
      Turn 6: H=0.195, tokens=519
Setting `pad_token_id` to `eos_token_id`:2 for open-end generation.
      Turn 7: H=0.076, tokens=587
  Trial 10/10 (probe 4):
Setting `pad_token_id` to `eos_token_id`:2 for open-end generation.
      Turn 0: H=0.859, tokens=100
Setting `pad_token_id` to `eos_token_id`:2 for open-end generation.
      Turn 1: H=0.808, tokens=173
Setting `pad_token_id` to `eos_token_id`:2 for open-end generation.
      Turn 2: H=1.041, tokens=240
Setting `pad_token_id` to `eos_token_id`:2 for open-end generation.
      Turn 3: H=0.726, tokens=312
Setting `pad_token_id` to `eos_token_id`:2 for open-end generation.
      Turn 4: H=0.778, tokens=380
Setting `pad_token_id` to `eos_token_id`:2 for open-end generation.
      Turn 5: H=0.402, tokens=449
Setting `pad_token_id` to `eos_token_id`:2 for open-end generation.
      Turn 6: H=0.070, tokens=517
Setting `pad_token_id` to `eos_token_id`:2 for open-end generation.
      Turn 7: H=0.926, tokens=590

  Concentration at turn 2 (relay zone):
    L18: +0.996 (Δ=+0.000)
    L19: +0.899 (Δ=-0.035)
    L20: +0.666 (Δ=+0.093)
    L21: +0.609 (Δ=-0.041)
    L22: +0.662 (Δ=-0.148)
    L23: +0.897 (Δ=-0.010)
    L24: +0.905 (Δ=-0.007)
    L25: +0.906 (Δ=-0.008)
    L26: +0.911 (Δ=-0.008)
    L27: +0.916 (Δ=-0.007)
    L28: +0.925 (Δ=-0.005)
    L29: +0.928 (Δ=-0.004)
    L30: +0.940 (Δ=-0.001)
    L31: +0.939 (Δ=+0.000)
    L32: -0.017 (Δ=+0.028)

============================================================
  CONDITION: zero_mlp_L24
============================================================
  Trial 1/10 (probe 0):
Setting `pad_token_id` to `eos_token_id`:2 for open-end generation.
      Turn 0: H=0.548, tokens=99
Setting `pad_token_id` to `eos_token_id`:2 for open-end generation.
      Turn 1: H=0.545, tokens=168
Setting `pad_token_id` to `eos_token_id`:2 for open-end generation.
      Turn 2: H=0.520, tokens=236
Setting `pad_token_id` to `eos_token_id`:2 for open-end generation.
      Turn 3: H=0.333, tokens=309
Setting `pad_token_id` to `eos_token_id`:2 for open-end generation.
      Turn 4: H=0.206, tokens=378
Setting `pad_token_id` to `eos_token_id`:2 for open-end generation.
      Turn 5: H=0.236, tokens=451
Setting `pad_token_id` to `eos_token_id`:2 for open-end generation.
      Turn 6: H=0.327, tokens=519
Setting `pad_token_id` to `eos_token_id`:2 for open-end generation.
      Turn 7: H=0.210, tokens=591
  Trial 2/10 (probe 1):
Setting `pad_token_id` to `eos_token_id`:2 for open-end generation.
      Turn 0: H=0.697, tokens=101
Setting `pad_token_id` to `eos_token_id`:2 for open-end generation.
      Turn 1: H=0.939, tokens=170
Setting `pad_token_id` to `eos_token_id`:2 for open-end generation.
      Turn 2: H=0.758, tokens=243
Setting `pad_token_id` to `eos_token_id`:2 for open-end generation.
      Turn 3: H=0.879, tokens=312
Setting `pad_token_id` to `eos_token_id`:2 for open-end generation.
      Turn 4: H=0.394, tokens=385
Setting `pad_token_id` to `eos_token_id`:2 for open-end generation.
      Turn 5: H=0.477, tokens=453
Setting `pad_token_id` to `eos_token_id`:2 for open-end generation.
      Turn 6: H=0.782, tokens=525
Setting `pad_token_id` to `eos_token_id`:2 for open-end generation.
      Turn 7: H=0.737, tokens=593
  Trial 3/10 (probe 2):
Setting `pad_token_id` to `eos_token_id`:2 for open-end generation.
      Turn 0: H=0.940, tokens=99
Setting `pad_token_id` to `eos_token_id`:2 for open-end generation.
      Turn 1: H=1.191, tokens=172
Setting `pad_token_id` to `eos_token_id`:2 for open-end generation.
      Turn 2: H=1.265, tokens=241
Setting `pad_token_id` to `eos_token_id`:2 for open-end generation.
      Turn 3: H=0.545, tokens=314
Setting `pad_token_id` to `eos_token_id`:2 for open-end generation.
      Turn 4: H=0.604, tokens=382
Setting `pad_token_id` to `eos_token_id`:2 for open-end generation.
      Turn 5: H=0.700, tokens=454
Setting `pad_token_id` to `eos_token_id`:2 for open-end generation.
      Turn 6: H=0.415, tokens=522
Setting `pad_token_id` to `eos_token_id`:2 for open-end generation.
      Turn 7: H=0.213, tokens=591
  Trial 4/10 (probe 3):
Setting `pad_token_id` to `eos_token_id`:2 for open-end generation.
      Turn 0: H=0.677, tokens=100
Setting `pad_token_id` to `eos_token_id`:2 for open-end generation.
      Turn 1: H=1.193, tokens=169
Setting `pad_token_id` to `eos_token_id`:2 for open-end generation.
      Turn 2: H=0.699, tokens=242
Setting `pad_token_id` to `eos_token_id`:2 for open-end generation.
      Turn 3: H=0.329, tokens=310
Setting `pad_token_id` to `eos_token_id`:2 for open-end generation.
      Turn 4: H=0.686, tokens=382
Setting `pad_token_id` to `eos_token_id`:2 for open-end generation.
      Turn 5: H=0.258, tokens=450
Setting `pad_token_id` to `eos_token_id`:2 for open-end generation.
      Turn 6: H=0.174, tokens=519
Setting `pad_token_id` to `eos_token_id`:2 for open-end generation.
      Turn 7: H=0.115, tokens=587
  Trial 5/10 (probe 4):
Setting `pad_token_id` to `eos_token_id`:2 for open-end generation.
      Turn 0: H=0.929, tokens=100
Setting `pad_token_id` to `eos_token_id`:2 for open-end generation.
      Turn 1: H=0.630, tokens=173
Setting `pad_token_id` to `eos_token_id`:2 for open-end generation.
      Turn 2: H=0.960, tokens=241
Setting `pad_token_id` to `eos_token_id`:2 for open-end generation.
      Turn 3: H=0.974, tokens=313
Setting `pad_token_id` to `eos_token_id`:2 for open-end generation.
      Turn 4: H=0.809, tokens=379
Setting `pad_token_id` to `eos_token_id`:2 for open-end generation.
      Turn 5: H=0.668, tokens=448
Setting `pad_token_id` to `eos_token_id`:2 for open-end generation.
      Turn 6: H=0.219, tokens=516
Setting `pad_token_id` to `eos_token_id`:2 for open-end generation.
      Turn 7: H=0.779, tokens=589
  Trial 6/10 (probe 0):
Setting `pad_token_id` to `eos_token_id`:2 for open-end generation.
      Turn 0: H=0.548, tokens=99
Setting `pad_token_id` to `eos_token_id`:2 for open-end generation.
      Turn 1: H=0.545, tokens=168
Setting `pad_token_id` to `eos_token_id`:2 for open-end generation.
      Turn 2: H=0.520, tokens=236
Setting `pad_token_id` to `eos_token_id`:2 for open-end generation.
      Turn 3: H=0.333, tokens=309
Setting `pad_token_id` to `eos_token_id`:2 for open-end generation.
      Turn 4: H=0.206, tokens=378
Setting `pad_token_id` to `eos_token_id`:2 for open-end generation.
      Turn 5: H=0.236, tokens=451
Setting `pad_token_id` to `eos_token_id`:2 for open-end generation.
      Turn 6: H=0.327, tokens=519
Setting `pad_token_id` to `eos_token_id`:2 for open-end generation.
      Turn 7: H=0.210, tokens=591
  Trial 7/10 (probe 1):
Setting `pad_token_id` to `eos_token_id`:2 for open-end generation.
      Turn 0: H=0.697, tokens=101
Setting `pad_token_id` to `eos_token_id`:2 for open-end generation.
      Turn 1: H=0.939, tokens=170
Setting `pad_token_id` to `eos_token_id`:2 for open-end generation.
      Turn 2: H=0.758, tokens=243
Setting `pad_token_id` to `eos_token_id`:2 for open-end generation.
      Turn 3: H=0.879, tokens=312
Setting `pad_token_id` to `eos_token_id`:2 for open-end generation.
      Turn 4: H=0.394, tokens=385
Setting `pad_token_id` to `eos_token_id`:2 for open-end generation.
      Turn 5: H=0.477, tokens=453
Setting `pad_token_id` to `eos_token_id`:2 for open-end generation.
      Turn 6: H=0.782, tokens=525
Setting `pad_token_id` to `eos_token_id`:2 for open-end generation.
      Turn 7: H=0.737, tokens=593
  Trial 8/10 (probe 2):
Setting `pad_token_id` to `eos_token_id`:2 for open-end generation.
      Turn 0: H=0.940, tokens=99
Setting `pad_token_id` to `eos_token_id`:2 for open-end generation.
      Turn 1: H=1.191, tokens=172
Setting `pad_token_id` to `eos_token_id`:2 for open-end generation.
      Turn 2: H=1.265, tokens=241
Setting `pad_token_id` to `eos_token_id`:2 for open-end generation.
      Turn 3: H=0.545, tokens=314
Setting `pad_token_id` to `eos_token_id`:2 for open-end generation.
      Turn 4: H=0.604, tokens=382
Setting `pad_token_id` to `eos_token_id`:2 for open-end generation.
      Turn 5: H=0.700, tokens=454
Setting `pad_token_id` to `eos_token_id`:2 for open-end generation.
      Turn 6: H=0.415, tokens=522
Setting `pad_token_id` to `eos_token_id`:2 for open-end generation.
      Turn 7: H=0.213, tokens=591
  Trial 9/10 (probe 3):
Setting `pad_token_id` to `eos_token_id`:2 for open-end generation.
      Turn 0: H=0.677, tokens=100
Setting `pad_token_id` to `eos_token_id`:2 for open-end generation.
      Turn 1: H=1.193, tokens=169
Setting `pad_token_id` to `eos_token_id`:2 for open-end generation.
      Turn 2: H=0.699, tokens=242
Setting `pad_token_id` to `eos_token_id`:2 for open-end generation.
      Turn 3: H=0.329, tokens=310
Setting `pad_token_id` to `eos_token_id`:2 for open-end generation.
      Turn 4: H=0.686, tokens=382
Setting `pad_token_id` to `eos_token_id`:2 for open-end generation.
      Turn 5: H=0.258, tokens=450
Setting `pad_token_id` to `eos_token_id`:2 for open-end generation.
      Turn 6: H=0.174, tokens=519
Setting `pad_token_id` to `eos_token_id`:2 for open-end generation.
      Turn 7: H=0.115, tokens=587
  Trial 10/10 (probe 4):
Setting `pad_token_id` to `eos_token_id`:2 for open-end generation.
      Turn 0: H=0.929, tokens=100
Setting `pad_token_id` to `eos_token_id`:2 for open-end generation.
      Turn 1: H=0.630, tokens=173
Setting `pad_token_id` to `eos_token_id`:2 for open-end generation.
      Turn 2: H=0.960, tokens=241
Setting `pad_token_id` to `eos_token_id`:2 for open-end generation.
      Turn 3: H=0.974, tokens=313
Setting `pad_token_id` to `eos_token_id`:2 for open-end generation.
      Turn 4: H=0.809, tokens=379
Setting `pad_token_id` to `eos_token_id`:2 for open-end generation.
      Turn 5: H=0.668, tokens=448
Setting `pad_token_id` to `eos_token_id`:2 for open-end generation.
      Turn 6: H=0.219, tokens=516
Setting `pad_token_id` to `eos_token_id`:2 for open-end generation.
      Turn 7: H=0.779, tokens=589

  Concentration at turn 2 (relay zone):
    L18: +0.997 (Δ=+0.001)
    L19: +0.953 (Δ=+0.019)
    L20: +0.723 (Δ=+0.150)
    L21: +0.647 (Δ=-0.003)
    L22: +0.917 (Δ=+0.106)
    L23: +0.269 (Δ=-0.638) ◄ DISRUPTED
    L24: +0.928 (Δ=+0.016)
    L25: +0.925 (Δ=+0.011)
    L26: +0.926 (Δ=+0.007)
    L27: +0.929 (Δ=+0.006)
    L28: +0.934 (Δ=+0.004)
    L29: +0.937 (Δ=+0.004)
    L30: +0.946 (Δ=+0.006)
    L31: +0.946 (Δ=+0.008)
    L32: +0.228 (Δ=+0.272) ◄ DISRUPTED

============================================================
  CONDITION: zero_attn_L24
============================================================
  Trial 1/10 (probe 0):
Setting `pad_token_id` to `eos_token_id`:2 for open-end generation.
      Turn 0: H=0.625, tokens=99
Setting `pad_token_id` to `eos_token_id`:2 for open-end generation.
      Turn 1: H=0.705, tokens=166
Setting `pad_token_id` to `eos_token_id`:2 for open-end generation.
      Turn 2: H=0.425, tokens=234
Setting `pad_token_id` to `eos_token_id`:2 for open-end generation.
      Turn 3: H=0.482, tokens=307
Setting `pad_token_id` to `eos_token_id`:2 for open-end generation.
      Turn 4: H=0.253, tokens=376
Setting `pad_token_id` to `eos_token_id`:2 for open-end generation.
      Turn 5: H=0.650, tokens=449
Setting `pad_token_id` to `eos_token_id`:2 for open-end generation.
      Turn 6: H=0.201, tokens=517
Setting `pad_token_id` to `eos_token_id`:2 for open-end generation.
      Turn 7: H=0.585, tokens=589
  Trial 2/10 (probe 1):
Setting `pad_token_id` to `eos_token_id`:2 for open-end generation.
      Turn 0: H=0.679, tokens=101
Setting `pad_token_id` to `eos_token_id`:2 for open-end generation.
      Turn 1: H=1.135, tokens=170
Setting `pad_token_id` to `eos_token_id`:2 for open-end generation.
      Turn 2: H=0.626, tokens=243
Setting `pad_token_id` to `eos_token_id`:2 for open-end generation.
      Turn 3: H=0.747, tokens=312
Setting `pad_token_id` to `eos_token_id`:2 for open-end generation.
      Turn 4: H=0.615, tokens=385
Setting `pad_token_id` to `eos_token_id`:2 for open-end generation.
      Turn 5: H=0.883, tokens=453
Setting `pad_token_id` to `eos_token_id`:2 for open-end generation.
      Turn 6: H=0.892, tokens=525
Setting `pad_token_id` to `eos_token_id`:2 for open-end generation.
      Turn 7: H=0.441, tokens=593
  Trial 3/10 (probe 2):
Setting `pad_token_id` to `eos_token_id`:2 for open-end generation.
      Turn 0: H=0.981, tokens=99
Setting `pad_token_id` to `eos_token_id`:2 for open-end generation.
      Turn 1: H=0.813, tokens=172
Setting `pad_token_id` to `eos_token_id`:2 for open-end generation.
      Turn 2: H=1.130, tokens=241
Setting `pad_token_id` to `eos_token_id`:2 for open-end generation.
      Turn 3: H=0.741, tokens=314
Setting `pad_token_id` to `eos_token_id`:2 for open-end generation.
      Turn 4: H=1.071, tokens=382
Setting `pad_token_id` to `eos_token_id`:2 for open-end generation.
      Turn 5: H=0.925, tokens=454
Setting `pad_token_id` to `eos_token_id`:2 for open-end generation.
      Turn 6: H=0.776, tokens=522
Setting `pad_token_id` to `eos_token_id`:2 for open-end generation.
      Turn 7: H=0.334, tokens=591
  Trial 4/10 (probe 3):
Setting `pad_token_id` to `eos_token_id`:2 for open-end generation.
      Turn 0: H=0.496, tokens=100
Setting `pad_token_id` to `eos_token_id`:2 for open-end generation.
      Turn 1: H=1.316, tokens=169
Setting `pad_token_id` to `eos_token_id`:2 for open-end generation.
      Turn 2: H=0.794, tokens=242
Setting `pad_token_id` to `eos_token_id`:2 for open-end generation.
      Turn 3: H=0.989, tokens=310
Setting `pad_token_id` to `eos_token_id`:2 for open-end generation.
      Turn 4: H=0.795, tokens=382
Setting `pad_token_id` to `eos_token_id`:2 for open-end generation.
      Turn 5: H=0.789, tokens=450
Setting `pad_token_id` to `eos_token_id`:2 for open-end generation.
      Turn 6: H=0.523, tokens=519
Setting `pad_token_id` to `eos_token_id`:2 for open-end generation.
      Turn 7: H=0.153, tokens=587
  Trial 5/10 (probe 4):
Setting `pad_token_id` to `eos_token_id`:2 for open-end generation.
      Turn 0: H=0.855, tokens=100
Setting `pad_token_id` to `eos_token_id`:2 for open-end generation.
      Turn 1: H=1.037, tokens=173
Setting `pad_token_id` to `eos_token_id`:2 for open-end generation.
      Turn 2: H=0.929, tokens=241
Setting `pad_token_id` to `eos_token_id`:2 for open-end generation.
      Turn 3: H=0.891, tokens=313
Setting `pad_token_id` to `eos_token_id`:2 for open-end generation.
      Turn 4: H=1.111, tokens=381
Setting `pad_token_id` to `eos_token_id`:2 for open-end generation.
      Turn 5: H=0.579, tokens=450
Setting `pad_token_id` to `eos_token_id`:2 for open-end generation.
      Turn 6: H=0.186, tokens=518
Setting `pad_token_id` to `eos_token_id`:2 for open-end generation.
      Turn 7: H=0.589, tokens=591
  Trial 6/10 (probe 0):
Setting `pad_token_id` to `eos_token_id`:2 for open-end generation.
      Turn 0: H=0.625, tokens=99
Setting `pad_token_id` to `eos_token_id`:2 for open-end generation.
      Turn 1: H=0.705, tokens=166
Setting `pad_token_id` to `eos_token_id`:2 for open-end generation.
      Turn 2: H=0.425, tokens=234
Setting `pad_token_id` to `eos_token_id`:2 for open-end generation.
      Turn 3: H=0.482, tokens=307
Setting `pad_token_id` to `eos_token_id`:2 for open-end generation.
      Turn 4: H=0.253, tokens=376
Setting `pad_token_id` to `eos_token_id`:2 for open-end generation.
      Turn 5: H=0.650, tokens=449
Setting `pad_token_id` to `eos_token_id`:2 for open-end generation.
      Turn 6: H=0.201, tokens=517
Setting `pad_token_id` to `eos_token_id`:2 for open-end generation.
      Turn 7: H=0.585, tokens=589
  Trial 7/10 (probe 1):
Setting `pad_token_id` to `eos_token_id`:2 for open-end generation.
      Turn 0: H=0.679, tokens=101
Setting `pad_token_id` to `eos_token_id`:2 for open-end generation.
      Turn 1: H=1.135, tokens=170
Setting `pad_token_id` to `eos_token_id`:2 for open-end generation.
      Turn 2: H=0.626, tokens=243
Setting `pad_token_id` to `eos_token_id`:2 for open-end generation.
      Turn 3: H=0.747, tokens=312
Setting `pad_token_id` to `eos_token_id`:2 for open-end generation.
      Turn 4: H=0.615, tokens=385
Setting `pad_token_id` to `eos_token_id`:2 for open-end generation.
      Turn 5: H=0.883, tokens=453
Setting `pad_token_id` to `eos_token_id`:2 for open-end generation.
      Turn 6: H=0.892, tokens=525
Setting `pad_token_id` to `eos_token_id`:2 for open-end generation.
      Turn 7: H=0.441, tokens=593
  Trial 8/10 (probe 2):
Setting `pad_token_id` to `eos_token_id`:2 for open-end generation.
      Turn 0: H=0.981, tokens=99
Setting `pad_token_id` to `eos_token_id`:2 for open-end generation.
      Turn 1: H=0.813, tokens=172
Setting `pad_token_id` to `eos_token_id`:2 for open-end generation.
      Turn 2: H=1.130, tokens=241
Setting `pad_token_id` to `eos_token_id`:2 for open-end generation.
      Turn 3: H=0.741, tokens=314
Setting `pad_token_id` to `eos_token_id`:2 for open-end generation.
      Turn 4: H=1.071, tokens=382
Setting `pad_token_id` to `eos_token_id`:2 for open-end generation.
      Turn 5: H=0.925, tokens=454
Setting `pad_token_id` to `eos_token_id`:2 for open-end generation.
      Turn 6: H=0.776, tokens=522
Setting `pad_token_id` to `eos_token_id`:2 for open-end generation.
      Turn 7: H=0.334, tokens=591
  Trial 9/10 (probe 3):
Setting `pad_token_id` to `eos_token_id`:2 for open-end generation.
      Turn 0: H=0.496, tokens=100
Setting `pad_token_id` to `eos_token_id`:2 for open-end generation.
      Turn 1: H=1.316, tokens=169
Setting `pad_token_id` to `eos_token_id`:2 for open-end generation.
      Turn 2: H=0.794, tokens=242
Setting `pad_token_id` to `eos_token_id`:2 for open-end generation.
      Turn 3: H=0.989, tokens=310
Setting `pad_token_id` to `eos_token_id`:2 for open-end generation.
      Turn 4: H=0.795, tokens=382
Setting `pad_token_id` to `eos_token_id`:2 for open-end generation.
      Turn 5: H=0.789, tokens=450
Setting `pad_token_id` to `eos_token_id`:2 for open-end generation.
      Turn 6: H=0.523, tokens=519
Setting `pad_token_id` to `eos_token_id`:2 for open-end generation.
      Turn 7: H=0.153, tokens=587
  Trial 10/10 (probe 4):
Setting `pad_token_id` to `eos_token_id`:2 for open-end generation.
      Turn 0: H=0.855, tokens=100
Setting `pad_token_id` to `eos_token_id`:2 for open-end generation.
      Turn 1: H=1.037, tokens=173
Setting `pad_token_id` to `eos_token_id`:2 for open-end generation.
      Turn 2: H=0.929, tokens=241
Setting `pad_token_id` to `eos_token_id`:2 for open-end generation.
      Turn 3: H=0.891, tokens=313
Setting `pad_token_id` to `eos_token_id`:2 for open-end generation.
      Turn 4: H=1.111, tokens=381
Setting `pad_token_id` to `eos_token_id`:2 for open-end generation.
      Turn 5: H=0.579, tokens=450
Setting `pad_token_id` to `eos_token_id`:2 for open-end generation.
      Turn 6: H=0.186, tokens=518
Setting `pad_token_id` to `eos_token_id`:2 for open-end generation.
      Turn 7: H=0.589, tokens=591

  Concentration at turn 2 (relay zone):
    L18: +0.996 (Δ=-0.000)
    L19: +0.914 (Δ=-0.020)
    L20: +0.559 (Δ=-0.014)
    L21: +0.592 (Δ=-0.058)
    L22: +0.878 (Δ=+0.067)
    L23: +0.912 (Δ=+0.005)
    L24: +0.917 (Δ=+0.005)
    L25: +0.922 (Δ=+0.008)
    L26: +0.927 (Δ=+0.008)
    L27: +0.931 (Δ=+0.008)
    L28: +0.937 (Δ=+0.007)
    L29: +0.939 (Δ=+0.006)
    L30: +0.271 (Δ=-0.670) ◄ DISRUPTED
    L31: +0.948 (Δ=+0.010)
    L32: -0.015 (Δ=+0.029)

============================================================
  CONDITION: zero_mlp_L25
============================================================
  Trial 1/10 (probe 0):
Setting `pad_token_id` to `eos_token_id`:2 for open-end generation.
      Turn 0: H=0.926, tokens=99
Setting `pad_token_id` to `eos_token_id`:2 for open-end generation.
      Turn 1: H=0.666, tokens=168
Setting `pad_token_id` to `eos_token_id`:2 for open-end generation.
      Turn 2: H=0.719, tokens=236
Setting `pad_token_id` to `eos_token_id`:2 for open-end generation.
      Turn 3: H=0.700, tokens=309
Setting `pad_token_id` to `eos_token_id`:2 for open-end generation.
      Turn 4: H=0.782, tokens=378
Setting `pad_token_id` to `eos_token_id`:2 for open-end generation.
      Turn 5: H=0.410, tokens=451
Setting `pad_token_id` to `eos_token_id`:2 for open-end generation.
      Turn 6: H=0.263, tokens=519
Setting `pad_token_id` to `eos_token_id`:2 for open-end generation.
      Turn 7: H=0.621, tokens=591
  Trial 2/10 (probe 1):
Setting `pad_token_id` to `eos_token_id`:2 for open-end generation.
      Turn 0: H=0.839, tokens=101
Setting `pad_token_id` to `eos_token_id`:2 for open-end generation.
      Turn 1: H=0.865, tokens=170
Setting `pad_token_id` to `eos_token_id`:2 for open-end generation.
      Turn 2: H=0.545, tokens=243
Setting `pad_token_id` to `eos_token_id`:2 for open-end generation.
      Turn 3: H=0.830, tokens=312
Setting `pad_token_id` to `eos_token_id`:2 for open-end generation.
      Turn 4: H=0.922, tokens=385
Setting `pad_token_id` to `eos_token_id`:2 for open-end generation.
      Turn 5: H=0.841, tokens=453
Setting `pad_token_id` to `eos_token_id`:2 for open-end generation.
      Turn 6: H=0.784, tokens=525
Setting `pad_token_id` to `eos_token_id`:2 for open-end generation.
      Turn 7: H=1.353, tokens=593
  Trial 3/10 (probe 2):
Setting `pad_token_id` to `eos_token_id`:2 for open-end generation.
      Turn 0: H=0.843, tokens=99
Setting `pad_token_id` to `eos_token_id`:2 for open-end generation.
      Turn 1: H=0.662, tokens=172
Setting `pad_token_id` to `eos_token_id`:2 for open-end generation.
      Turn 2: H=0.952, tokens=241
Setting `pad_token_id` to `eos_token_id`:2 for open-end generation.
      Turn 3: H=0.885, tokens=314
Setting `pad_token_id` to `eos_token_id`:2 for open-end generation.
      Turn 4: H=1.009, tokens=382
Setting `pad_token_id` to `eos_token_id`:2 for open-end generation.
      Turn 5: H=0.930, tokens=454
Setting `pad_token_id` to `eos_token_id`:2 for open-end generation.
      Turn 6: H=0.874, tokens=520
Setting `pad_token_id` to `eos_token_id`:2 for open-end generation.
      Turn 7: H=0.718, tokens=589
  Trial 4/10 (probe 3):
Setting `pad_token_id` to `eos_token_id`:2 for open-end generation.
      Turn 0: H=0.552, tokens=100
Setting `pad_token_id` to `eos_token_id`:2 for open-end generation.
      Turn 1: H=1.353, tokens=169
Setting `pad_token_id` to `eos_token_id`:2 for open-end generation.
      Turn 2: H=0.699, tokens=242
Setting `pad_token_id` to `eos_token_id`:2 for open-end generation.
      Turn 3: H=0.524, tokens=310
Setting `pad_token_id` to `eos_token_id`:2 for open-end generation.
      Turn 4: H=0.752, tokens=382
Setting `pad_token_id` to `eos_token_id`:2 for open-end generation.
      Turn 5: H=0.832, tokens=450
Setting `pad_token_id` to `eos_token_id`:2 for open-end generation.
      Turn 6: H=0.199, tokens=519
Setting `pad_token_id` to `eos_token_id`:2 for open-end generation.
      Turn 7: H=0.098, tokens=587
  Trial 5/10 (probe 4):
Setting `pad_token_id` to `eos_token_id`:2 for open-end generation.
      Turn 0: H=0.818, tokens=100
Setting `pad_token_id` to `eos_token_id`:2 for open-end generation.
      Turn 1: H=0.689, tokens=172
Setting `pad_token_id` to `eos_token_id`:2 for open-end generation.
      Turn 2: H=0.867, tokens=240
Setting `pad_token_id` to `eos_token_id`:2 for open-end generation.
      Turn 3: H=0.862, tokens=312
Setting `pad_token_id` to `eos_token_id`:2 for open-end generation.
      Turn 4: H=1.144, tokens=380
Setting `pad_token_id` to `eos_token_id`:2 for open-end generation.
      Turn 5: H=0.479, tokens=449
Setting `pad_token_id` to `eos_token_id`:2 for open-end generation.
      Turn 6: H=0.229, tokens=517
Setting `pad_token_id` to `eos_token_id`:2 for open-end generation.
      Turn 7: H=0.416, tokens=590
  Trial 6/10 (probe 0):
Setting `pad_token_id` to `eos_token_id`:2 for open-end generation.
      Turn 0: H=0.926, tokens=99
Setting `pad_token_id` to `eos_token_id`:2 for open-end generation.
      Turn 1: H=0.666, tokens=168
Setting `pad_token_id` to `eos_token_id`:2 for open-end generation.
      Turn 2: H=0.719, tokens=236
Setting `pad_token_id` to `eos_token_id`:2 for open-end generation.
      Turn 3: H=0.700, tokens=309
Setting `pad_token_id` to `eos_token_id`:2 for open-end generation.
      Turn 4: H=0.782, tokens=378
Setting `pad_token_id` to `eos_token_id`:2 for open-end generation.
      Turn 5: H=0.410, tokens=451
Setting `pad_token_id` to `eos_token_id`:2 for open-end generation.
      Turn 6: H=0.263, tokens=519
Setting `pad_token_id` to `eos_token_id`:2 for open-end generation.
      Turn 7: H=0.621, tokens=591
  Trial 7/10 (probe 1):
Setting `pad_token_id` to `eos_token_id`:2 for open-end generation.
      Turn 0: H=0.839, tokens=101
Setting `pad_token_id` to `eos_token_id`:2 for open-end generation.
      Turn 1: H=0.865, tokens=170
Setting `pad_token_id` to `eos_token_id`:2 for open-end generation.
      Turn 2: H=0.545, tokens=243
Setting `pad_token_id` to `eos_token_id`:2 for open-end generation.
      Turn 3: H=0.830, tokens=312
Setting `pad_token_id` to `eos_token_id`:2 for open-end generation.
      Turn 4: H=0.922, tokens=385
Setting `pad_token_id` to `eos_token_id`:2 for open-end generation.
      Turn 5: H=0.841, tokens=453
Setting `pad_token_id` to `eos_token_id`:2 for open-end generation.
      Turn 6: H=0.784, tokens=525
Setting `pad_token_id` to `eos_token_id`:2 for open-end generation.
      Turn 7: H=1.353, tokens=593
  Trial 8/10 (probe 2):
Setting `pad_token_id` to `eos_token_id`:2 for open-end generation.
      Turn 0: H=0.843, tokens=99
Setting `pad_token_id` to `eos_token_id`:2 for open-end generation.
      Turn 1: H=0.662, tokens=172
Setting `pad_token_id` to `eos_token_id`:2 for open-end generation.
      Turn 2: H=0.952, tokens=241
Setting `pad_token_id` to `eos_token_id`:2 for open-end generation.
      Turn 3: H=0.885, tokens=314
Setting `pad_token_id` to `eos_token_id`:2 for open-end generation.
      Turn 4: H=1.009, tokens=382
Setting `pad_token_id` to `eos_token_id`:2 for open-end generation.
      Turn 5: H=0.930, tokens=454
Setting `pad_token_id` to `eos_token_id`:2 for open-end generation.
      Turn 6: H=0.874, tokens=520
Setting `pad_token_id` to `eos_token_id`:2 for open-end generation.
      Turn 7: H=0.718, tokens=589
  Trial 9/10 (probe 3):
Setting `pad_token_id` to `eos_token_id`:2 for open-end generation.
      Turn 0: H=0.552, tokens=100
Setting `pad_token_id` to `eos_token_id`:2 for open-end generation.
      Turn 1: H=1.353, tokens=169
Setting `pad_token_id` to `eos_token_id`:2 for open-end generation.
      Turn 2: H=0.699, tokens=242
Setting `pad_token_id` to `eos_token_id`:2 for open-end generation.
      Turn 3: H=0.524, tokens=310
Setting `pad_token_id` to `eos_token_id`:2 for open-end generation.
      Turn 4: H=0.752, tokens=382
Setting `pad_token_id` to `eos_token_id`:2 for open-end generation.
      Turn 5: H=0.832, tokens=450
Setting `pad_token_id` to `eos_token_id`:2 for open-end generation.
      Turn 6: H=0.199, tokens=519
Setting `pad_token_id` to `eos_token_id`:2 for open-end generation.
      Turn 7: H=0.098, tokens=587
  Trial 10/10 (probe 4):
Setting `pad_token_id` to `eos_token_id`:2 for open-end generation.
      Turn 0: H=0.818, tokens=100
Setting `pad_token_id` to `eos_token_id`:2 for open-end generation.
      Turn 1: H=0.689, tokens=172
Setting `pad_token_id` to `eos_token_id`:2 for open-end generation.
      Turn 2: H=0.867, tokens=240
Setting `pad_token_id` to `eos_token_id`:2 for open-end generation.
      Turn 3: H=0.862, tokens=312
Setting `pad_token_id` to `eos_token_id`:2 for open-end generation.
      Turn 4: H=1.144, tokens=380
Setting `pad_token_id` to `eos_token_id`:2 for open-end generation.
      Turn 5: H=0.479, tokens=449
Setting `pad_token_id` to `eos_token_id`:2 for open-end generation.
      Turn 6: H=0.229, tokens=517
Setting `pad_token_id` to `eos_token_id`:2 for open-end generation.
      Turn 7: H=0.416, tokens=590

  Concentration at turn 2 (relay zone):
    L18: +0.995 (Δ=-0.001)
    L19: +0.807 (Δ=-0.127)
    L20: +0.541 (Δ=-0.032)
    L21: +0.607 (Δ=-0.043)
    L22: +0.717 (Δ=-0.094)
    L23: +0.917 (Δ=+0.010)
    L24: +0.923 (Δ=+0.011)
    L25: +0.923 (Δ=+0.009)
    L26: +0.922 (Δ=+0.002)
    L27: +0.923 (Δ=-0.000)
    L28: +0.928 (Δ=-0.002)
    L29: +0.931 (Δ=-0.002)
    L30: +0.940 (Δ=-0.001)
    L31: +0.942 (Δ=+0.004)
    L32: +0.096 (Δ=+0.140)

============================================================
  CONDITION: zero_attn_L25
============================================================
  Trial 1/10 (probe 0):
Setting `pad_token_id` to `eos_token_id`:2 for open-end generation.
      Turn 0: H=0.850, tokens=99
Setting `pad_token_id` to `eos_token_id`:2 for open-end generation.
      Turn 1: H=0.715, tokens=168
Setting `pad_token_id` to `eos_token_id`:2 for open-end generation.
      Turn 2: H=0.262, tokens=236
Setting `pad_token_id` to `eos_token_id`:2 for open-end generation.
      Turn 3: H=0.497, tokens=309
Setting `pad_token_id` to `eos_token_id`:2 for open-end generation.
      Turn 4: H=0.165, tokens=378
Setting `pad_token_id` to `eos_token_id`:2 for open-end generation.
      Turn 5: H=0.506, tokens=451
Setting `pad_token_id` to `eos_token_id`:2 for open-end generation.
      Turn 6: H=0.181, tokens=519
Setting `pad_token_id` to `eos_token_id`:2 for open-end generation.
      Turn 7: H=0.654, tokens=591
  Trial 2/10 (probe 1):
Setting `pad_token_id` to `eos_token_id`:2 for open-end generation.
      Turn 0: H=0.987, tokens=101
Setting `pad_token_id` to `eos_token_id`:2 for open-end generation.
      Turn 1: H=0.779, tokens=170
Setting `pad_token_id` to `eos_token_id`:2 for open-end generation.
      Turn 2: H=0.949, tokens=243
Setting `pad_token_id` to `eos_token_id`:2 for open-end generation.
      Turn 3: H=1.153, tokens=312
Setting `pad_token_id` to `eos_token_id`:2 for open-end generation.
      Turn 4: H=0.455, tokens=385
Setting `pad_token_id` to `eos_token_id`:2 for open-end generation.
      Turn 5: H=0.808, tokens=453
Setting `pad_token_id` to `eos_token_id`:2 for open-end generation.
      Turn 6: H=0.891, tokens=525
Setting `pad_token_id` to `eos_token_id`:2 for open-end generation.
      Turn 7: H=0.969, tokens=593
  Trial 3/10 (probe 2):
Setting `pad_token_id` to `eos_token_id`:2 for open-end generation.
      Turn 0: H=0.967, tokens=99
Setting `pad_token_id` to `eos_token_id`:2 for open-end generation.
      Turn 1: H=1.061, tokens=172
Setting `pad_token_id` to `eos_token_id`:2 for open-end generation.
      Turn 2: H=1.131, tokens=241
Setting `pad_token_id` to `eos_token_id`:2 for open-end generation.
      Turn 3: H=0.858, tokens=314
Setting `pad_token_id` to `eos_token_id`:2 for open-end generation.
      Turn 4: H=1.065, tokens=382
Setting `pad_token_id` to `eos_token_id`:2 for open-end generation.
      Turn 5: H=0.958, tokens=454
Setting `pad_token_id` to `eos_token_id`:2 for open-end generation.
      Turn 6: H=0.462, tokens=522
Setting `pad_token_id` to `eos_token_id`:2 for open-end generation.
      Turn 7: H=0.996, tokens=591
  Trial 4/10 (probe 3):
Setting `pad_token_id` to `eos_token_id`:2 for open-end generation.
      Turn 0: H=0.546, tokens=100
Setting `pad_token_id` to `eos_token_id`:2 for open-end generation.
      Turn 1: H=1.085, tokens=169
Setting `pad_token_id` to `eos_token_id`:2 for open-end generation.
      Turn 2: H=0.885, tokens=242
Setting `pad_token_id` to `eos_token_id`:2 for open-end generation.
      Turn 3: H=1.001, tokens=310
Setting `pad_token_id` to `eos_token_id`:2 for open-end generation.
      Turn 4: H=1.146, tokens=382
Setting `pad_token_id` to `eos_token_id`:2 for open-end generation.
      Turn 5: H=0.971, tokens=450
Setting `pad_token_id` to `eos_token_id`:2 for open-end generation.
      Turn 6: H=0.226, tokens=519
Setting `pad_token_id` to `eos_token_id`:2 for open-end generation.
      Turn 7: H=0.099, tokens=587
  Trial 5/10 (probe 4):
Setting `pad_token_id` to `eos_token_id`:2 for open-end generation.
      Turn 0: H=0.895, tokens=100
Setting `pad_token_id` to `eos_token_id`:2 for open-end generation.
      Turn 1: H=0.773, tokens=173
Setting `pad_token_id` to `eos_token_id`:2 for open-end generation.
      Turn 2: H=1.218, tokens=241
Setting `pad_token_id` to `eos_token_id`:2 for open-end generation.
      Turn 3: H=0.892, tokens=313
Setting `pad_token_id` to `eos_token_id`:2 for open-end generation.
      Turn 4: H=1.091, tokens=381
Setting `pad_token_id` to `eos_token_id`:2 for open-end generation.
      Turn 5: H=0.602, tokens=450
Setting `pad_token_id` to `eos_token_id`:2 for open-end generation.
      Turn 6: H=0.097, tokens=518
Setting `pad_token_id` to `eos_token_id`:2 for open-end generation.
      Turn 7: H=0.858, tokens=591
  Trial 6/10 (probe 0):
Setting `pad_token_id` to `eos_token_id`:2 for open-end generation.
      Turn 0: H=0.850, tokens=99
Setting `pad_token_id` to `eos_token_id`:2 for open-end generation.
      Turn 1: H=0.715, tokens=168
Setting `pad_token_id` to `eos_token_id`:2 for open-end generation.
      Turn 2: H=0.262, tokens=236
Setting `pad_token_id` to `eos_token_id`:2 for open-end generation.
      Turn 3: H=0.497, tokens=309
Setting `pad_token_id` to `eos_token_id`:2 for open-end generation.
      Turn 4: H=0.165, tokens=378
Setting `pad_token_id` to `eos_token_id`:2 for open-end generation.
      Turn 5: H=0.506, tokens=451
Setting `pad_token_id` to `eos_token_id`:2 for open-end generation.
      Turn 6: H=0.181, tokens=519
Setting `pad_token_id` to `eos_token_id`:2 for open-end generation.
      Turn 7: H=0.654, tokens=591
  Trial 7/10 (probe 1):
Setting `pad_token_id` to `eos_token_id`:2 for open-end generation.
      Turn 0: H=0.987, tokens=101
Setting `pad_token_id` to `eos_token_id`:2 for open-end generation.
      Turn 1: H=0.779, tokens=170
Setting `pad_token_id` to `eos_token_id`:2 for open-end generation.
      Turn 2: H=0.949, tokens=243
Setting `pad_token_id` to `eos_token_id`:2 for open-end generation.
      Turn 3: H=1.153, tokens=312
Setting `pad_token_id` to `eos_token_id`:2 for open-end generation.
      Turn 4: H=0.455, tokens=385
Setting `pad_token_id` to `eos_token_id`:2 for open-end generation.
      Turn 5: H=0.808, tokens=453
Setting `pad_token_id` to `eos_token_id`:2 for open-end generation.
      Turn 6: H=0.891, tokens=525
Setting `pad_token_id` to `eos_token_id`:2 for open-end generation.
      Turn 7: H=0.969, tokens=593
  Trial 8/10 (probe 2):
Setting `pad_token_id` to `eos_token_id`:2 for open-end generation.
      Turn 0: H=0.967, tokens=99
Setting `pad_token_id` to `eos_token_id`:2 for open-end generation.
      Turn 1: H=1.061, tokens=172
Setting `pad_token_id` to `eos_token_id`:2 for open-end generation.
      Turn 2: H=1.131, tokens=241
Setting `pad_token_id` to `eos_token_id`:2 for open-end generation.
      Turn 3: H=0.858, tokens=314
Setting `pad_token_id` to `eos_token_id`:2 for open-end generation.
      Turn 4: H=1.065, tokens=382
Setting `pad_token_id` to `eos_token_id`:2 for open-end generation.
      Turn 5: H=0.958, tokens=454
Setting `pad_token_id` to `eos_token_id`:2 for open-end generation.
      Turn 6: H=0.462, tokens=522
Setting `pad_token_id` to `eos_token_id`:2 for open-end generation.
      Turn 7: H=0.996, tokens=591
  Trial 9/10 (probe 3):
Setting `pad_token_id` to `eos_token_id`:2 for open-end generation.
      Turn 0: H=0.546, tokens=100
Setting `pad_token_id` to `eos_token_id`:2 for open-end generation.
      Turn 1: H=1.085, tokens=169
Setting `pad_token_id` to `eos_token_id`:2 for open-end generation.
      Turn 2: H=0.885, tokens=242
Setting `pad_token_id` to `eos_token_id`:2 for open-end generation.
      Turn 3: H=1.001, tokens=310
Setting `pad_token_id` to `eos_token_id`:2 for open-end generation.
      Turn 4: H=1.146, tokens=382
Setting `pad_token_id` to `eos_token_id`:2 for open-end generation.
      Turn 5: H=0.971, tokens=450
Setting `pad_token_id` to `eos_token_id`:2 for open-end generation.
      Turn 6: H=0.226, tokens=519
Setting `pad_token_id` to `eos_token_id`:2 for open-end generation.
      Turn 7: H=0.099, tokens=587
  Trial 10/10 (probe 4):
Setting `pad_token_id` to `eos_token_id`:2 for open-end generation.
      Turn 0: H=0.895, tokens=100
Setting `pad_token_id` to `eos_token_id`:2 for open-end generation.
      Turn 1: H=0.773, tokens=173
Setting `pad_token_id` to `eos_token_id`:2 for open-end generation.
      Turn 2: H=1.218, tokens=241
Setting `pad_token_id` to `eos_token_id`:2 for open-end generation.
      Turn 3: H=0.892, tokens=313
Setting `pad_token_id` to `eos_token_id`:2 for open-end generation.
      Turn 4: H=1.091, tokens=381
Setting `pad_token_id` to `eos_token_id`:2 for open-end generation.
      Turn 5: H=0.602, tokens=450
Setting `pad_token_id` to `eos_token_id`:2 for open-end generation.
      Turn 6: H=0.097, tokens=518
Setting `pad_token_id` to `eos_token_id`:2 for open-end generation.
      Turn 7: H=0.858, tokens=591

  Concentration at turn 2 (relay zone):
    L18: +0.996 (Δ=+0.001)
    L19: +0.969 (Δ=+0.035)
    L20: +0.549 (Δ=-0.024)
    L21: +0.649 (Δ=-0.001)
    L22: +0.905 (Δ=+0.095)
    L23: +0.920 (Δ=+0.013)
    L24: +0.925 (Δ=+0.013)
    L25: +0.926 (Δ=+0.012)
    L26: +0.931 (Δ=+0.012)
    L27: +0.935 (Δ=+0.011)
    L28: +0.940 (Δ=+0.010)
    L29: +0.942 (Δ=+0.010)
    L30: +0.950 (Δ=+0.009)
    L31: +0.954 (Δ=+0.016)
    L32: -0.049 (Δ=-0.004)

============================================================
  CONDITION: zero_mlp_L26
============================================================
  Trial 1/10 (probe 0):
Setting `pad_token_id` to `eos_token_id`:2 for open-end generation.
      Turn 0: H=0.820, tokens=99
Setting `pad_token_id` to `eos_token_id`:2 for open-end generation.
      Turn 1: H=0.661, tokens=168
Setting `pad_token_id` to `eos_token_id`:2 for open-end generation.
      Turn 2: H=0.649, tokens=236
Setting `pad_token_id` to `eos_token_id`:2 for open-end generation.
      Turn 3: H=0.570, tokens=309
Setting `pad_token_id` to `eos_token_id`:2 for open-end generation.
      Turn 4: H=0.679, tokens=378
Setting `pad_token_id` to `eos_token_id`:2 for open-end generation.
      Turn 5: H=0.603, tokens=451
Setting `pad_token_id` to `eos_token_id`:2 for open-end generation.
      Turn 6: H=0.290, tokens=519
Setting `pad_token_id` to `eos_token_id`:2 for open-end generation.
      Turn 7: H=0.882, tokens=591
  Trial 2/10 (probe 1):
Setting `pad_token_id` to `eos_token_id`:2 for open-end generation.
      Turn 0: H=0.802, tokens=101
Setting `pad_token_id` to `eos_token_id`:2 for open-end generation.
      Turn 1: H=0.850, tokens=170
Setting `pad_token_id` to `eos_token_id`:2 for open-end generation.
      Turn 2: H=0.916, tokens=243
Setting `pad_token_id` to `eos_token_id`:2 for open-end generation.
      Turn 3: H=1.227, tokens=312
Setting `pad_token_id` to `eos_token_id`:2 for open-end generation.
      Turn 4: H=1.006, tokens=385
Setting `pad_token_id` to `eos_token_id`:2 for open-end generation.
      Turn 5: H=0.597, tokens=452
Setting `pad_token_id` to `eos_token_id`:2 for open-end generation.
      Turn 6: H=0.638, tokens=524
Setting `pad_token_id` to `eos_token_id`:2 for open-end generation.
      Turn 7: H=0.747, tokens=592
  Trial 3/10 (probe 2):
Setting `pad_token_id` to `eos_token_id`:2 for open-end generation.
      Turn 0: H=0.862, tokens=99
Setting `pad_token_id` to `eos_token_id`:2 for open-end generation.
      Turn 1: H=0.769, tokens=172
Setting `pad_token_id` to `eos_token_id`:2 for open-end generation.
      Turn 2: H=1.000, tokens=240
Setting `pad_token_id` to `eos_token_id`:2 for open-end generation.
      Turn 3: H=0.759, tokens=313
Setting `pad_token_id` to `eos_token_id`:2 for open-end generation.
      Turn 4: H=0.249, tokens=381
Setting `pad_token_id` to `eos_token_id`:2 for open-end generation.
      Turn 5: H=1.053, tokens=453
Setting `pad_token_id` to `eos_token_id`:2 for open-end generation.
      Turn 6: H=0.651, tokens=520
Setting `pad_token_id` to `eos_token_id`:2 for open-end generation.
      Turn 7: H=0.465, tokens=589
  Trial 4/10 (probe 3):
Setting `pad_token_id` to `eos_token_id`:2 for open-end generation.
      Turn 0: H=0.478, tokens=100
Setting `pad_token_id` to `eos_token_id`:2 for open-end generation.
      Turn 1: H=1.081, tokens=169
Setting `pad_token_id` to `eos_token_id`:2 for open-end generation.
      Turn 2: H=0.799, tokens=242
Setting `pad_token_id` to `eos_token_id`:2 for open-end generation.
      Turn 3: H=0.799, tokens=310
Setting `pad_token_id` to `eos_token_id`:2 for open-end generation.
      Turn 4: H=0.631, tokens=382
Setting `pad_token_id` to `eos_token_id`:2 for open-end generation.
      Turn 5: H=0.831, tokens=450
Setting `pad_token_id` to `eos_token_id`:2 for open-end generation.
      Turn 6: H=0.181, tokens=519
Setting `pad_token_id` to `eos_token_id`:2 for open-end generation.
      Turn 7: H=0.357, tokens=587
  Trial 5/10 (probe 4):
Setting `pad_token_id` to `eos_token_id`:2 for open-end generation.
      Turn 0: H=1.008, tokens=100
Setting `pad_token_id` to `eos_token_id`:2 for open-end generation.
      Turn 1: H=0.623, tokens=173
Setting `pad_token_id` to `eos_token_id`:2 for open-end generation.
      Turn 2: H=1.051, tokens=241
Setting `pad_token_id` to `eos_token_id`:2 for open-end generation.
      Turn 3: H=0.662, tokens=313
Setting `pad_token_id` to `eos_token_id`:2 for open-end generation.
      Turn 4: H=1.201, tokens=381
Setting `pad_token_id` to `eos_token_id`:2 for open-end generation.
      Turn 5: H=0.719, tokens=449
Setting `pad_token_id` to `eos_token_id`:2 for open-end generation.
      Turn 6: H=0.883, tokens=516
Setting `pad_token_id` to `eos_token_id`:2 for open-end generation.
      Turn 7: H=0.609, tokens=589
  Trial 6/10 (probe 0):
Setting `pad_token_id` to `eos_token_id`:2 for open-end generation.
      Turn 0: H=0.820, tokens=99
Setting `pad_token_id` to `eos_token_id`:2 for open-end generation.
      Turn 1: H=0.661, tokens=168
Setting `pad_token_id` to `eos_token_id`:2 for open-end generation.
      Turn 2: H=0.649, tokens=236
Setting `pad_token_id` to `eos_token_id`:2 for open-end generation.
      Turn 3: H=0.570, tokens=309
Setting `pad_token_id` to `eos_token_id`:2 for open-end generation.
      Turn 4: H=0.679, tokens=378
Setting `pad_token_id` to `eos_token_id`:2 for open-end generation.
      Turn 5: H=0.603, tokens=451
Setting `pad_token_id` to `eos_token_id`:2 for open-end generation.
      Turn 6: H=0.290, tokens=519
Setting `pad_token_id` to `eos_token_id`:2 for open-end generation.
      Turn 7: H=0.882, tokens=591
  Trial 7/10 (probe 1):
Setting `pad_token_id` to `eos_token_id`:2 for open-end generation.
      Turn 0: H=0.802, tokens=101
Setting `pad_token_id` to `eos_token_id`:2 for open-end generation.
      Turn 1: H=0.850, tokens=170
Setting `pad_token_id` to `eos_token_id`:2 for open-end generation.
      Turn 2: H=0.916, tokens=243
Setting `pad_token_id` to `eos_token_id`:2 for open-end generation.
      Turn 3: H=1.227, tokens=312
Setting `pad_token_id` to `eos_token_id`:2 for open-end generation.
      Turn 4: H=1.006, tokens=385
Setting `pad_token_id` to `eos_token_id`:2 for open-end generation.
      Turn 5: H=0.597, tokens=452
Setting `pad_token_id` to `eos_token_id`:2 for open-end generation.
      Turn 6: H=0.638, tokens=524
Setting `pad_token_id` to `eos_token_id`:2 for open-end generation.
      Turn 7: H=0.747, tokens=592
  Trial 8/10 (probe 2):
Setting `pad_token_id` to `eos_token_id`:2 for open-end generation.
      Turn 0: H=0.862, tokens=99
Setting `pad_token_id` to `eos_token_id`:2 for open-end generation.
      Turn 1: H=0.769, tokens=172
Setting `pad_token_id` to `eos_token_id`:2 for open-end generation.
      Turn 2: H=1.000, tokens=240
Setting `pad_token_id` to `eos_token_id`:2 for open-end generation.
      Turn 3: H=0.759, tokens=313
Setting `pad_token_id` to `eos_token_id`:2 for open-end generation.
      Turn 4: H=0.249, tokens=381
Setting `pad_token_id` to `eos_token_id`:2 for open-end generation.
      Turn 5: H=1.053, tokens=453
Setting `pad_token_id` to `eos_token_id`:2 for open-end generation.
      Turn 6: H=0.651, tokens=520
Setting `pad_token_id` to `eos_token_id`:2 for open-end generation.
      Turn 7: H=0.465, tokens=589
  Trial 9/10 (probe 3):
Setting `pad_token_id` to `eos_token_id`:2 for open-end generation.
      Turn 0: H=0.478, tokens=100
Setting `pad_token_id` to `eos_token_id`:2 for open-end generation.
      Turn 1: H=1.081, tokens=169
Setting `pad_token_id` to `eos_token_id`:2 for open-end generation.
      Turn 2: H=0.799, tokens=242
Setting `pad_token_id` to `eos_token_id`:2 for open-end generation.
      Turn 3: H=0.799, tokens=310
Setting `pad_token_id` to `eos_token_id`:2 for open-end generation.
      Turn 4: H=0.631, tokens=382
Setting `pad_token_id` to `eos_token_id`:2 for open-end generation.
      Turn 5: H=0.831, tokens=450
Setting `pad_token_id` to `eos_token_id`:2 for open-end generation.
      Turn 6: H=0.181, tokens=519
Setting `pad_token_id` to `eos_token_id`:2 for open-end generation.
      Turn 7: H=0.357, tokens=587
  Trial 10/10 (probe 4):
Setting `pad_token_id` to `eos_token_id`:2 for open-end generation.
      Turn 0: H=1.008, tokens=100
Setting `pad_token_id` to `eos_token_id`:2 for open-end generation.
      Turn 1: H=0.623, tokens=173
Setting `pad_token_id` to `eos_token_id`:2 for open-end generation.
      Turn 2: H=1.051, tokens=241
Setting `pad_token_id` to `eos_token_id`:2 for open-end generation.
      Turn 3: H=0.662, tokens=313
Setting `pad_token_id` to `eos_token_id`:2 for open-end generation.
      Turn 4: H=1.201, tokens=381
Setting `pad_token_id` to `eos_token_id`:2 for open-end generation.
      Turn 5: H=0.719, tokens=449
Setting `pad_token_id` to `eos_token_id`:2 for open-end generation.
      Turn 6: H=0.883, tokens=516
Setting `pad_token_id` to `eos_token_id`:2 for open-end generation.
      Turn 7: H=0.609, tokens=589

  Concentration at turn 2 (relay zone):
    L18: +0.997 (Δ=+0.001)
    L19: +0.981 (Δ=+0.048)
    L20: +0.611 (Δ=+0.038)
    L21: +0.626 (Δ=-0.025)
    L22: +0.895 (Δ=+0.084)
    L23: +0.898 (Δ=-0.009)
    L24: +0.903 (Δ=-0.009)
    L25: +0.904 (Δ=-0.010)
    L26: +0.910 (Δ=-0.009)
    L27: +0.912 (Δ=-0.012)
    L28: +0.910 (Δ=-0.020)
    L29: +0.910 (Δ=-0.023)
    L30: +0.923 (Δ=-0.018)
    L31: +0.924 (Δ=-0.014)
    L32: +0.111 (Δ=+0.156)

============================================================
  CONDITION: zero_attn_L26
============================================================
  Trial 1/10 (probe 0):
Setting `pad_token_id` to `eos_token_id`:2 for open-end generation.
      Turn 0: H=0.870, tokens=99
Setting `pad_token_id` to `eos_token_id`:2 for open-end generation.
      Turn 1: H=1.211, tokens=168
Setting `pad_token_id` to `eos_token_id`:2 for open-end generation.
      Turn 2: H=0.959, tokens=236
Setting `pad_token_id` to `eos_token_id`:2 for open-end generation.
      Turn 3: H=0.618, tokens=309
Setting `pad_token_id` to `eos_token_id`:2 for open-end generation.
      Turn 4: H=0.893, tokens=378
Setting `pad_token_id` to `eos_token_id`:2 for open-end generation.
      Turn 5: H=0.422, tokens=451
Setting `pad_token_id` to `eos_token_id`:2 for open-end generation.
      Turn 6: H=0.728, tokens=519
Setting `pad_token_id` to `eos_token_id`:2 for open-end generation.
      Turn 7: H=0.634, tokens=591
  Trial 2/10 (probe 1):
Setting `pad_token_id` to `eos_token_id`:2 for open-end generation.
      Turn 0: H=0.902, tokens=101
Setting `pad_token_id` to `eos_token_id`:2 for open-end generation.
      Turn 1: H=0.813, tokens=170
Setting `pad_token_id` to `eos_token_id`:2 for open-end generation.
      Turn 2: H=0.876, tokens=243
Setting `pad_token_id` to `eos_token_id`:2 for open-end generation.
      Turn 3: H=0.627, tokens=312
Setting `pad_token_id` to `eos_token_id`:2 for open-end generation.
      Turn 4: H=0.800, tokens=385
Setting `pad_token_id` to `eos_token_id`:2 for open-end generation.
      Turn 5: H=0.416, tokens=453
Setting `pad_token_id` to `eos_token_id`:2 for open-end generation.
      Turn 6: H=0.955, tokens=525
Setting `pad_token_id` to `eos_token_id`:2 for open-end generation.
      Turn 7: H=0.673, tokens=593
  Trial 3/10 (probe 2):
Setting `pad_token_id` to `eos_token_id`:2 for open-end generation.
      Turn 0: H=1.007, tokens=99
Setting `pad_token_id` to `eos_token_id`:2 for open-end generation.
      Turn 1: H=0.907, tokens=172
Setting `pad_token_id` to `eos_token_id`:2 for open-end generation.
      Turn 2: H=1.006, tokens=241
Setting `pad_token_id` to `eos_token_id`:2 for open-end generation.
      Turn 3: H=0.728, tokens=314
Setting `pad_token_id` to `eos_token_id`:2 for open-end generation.
      Turn 4: H=0.828, tokens=382
Setting `pad_token_id` to `eos_token_id`:2 for open-end generation.
      Turn 5: H=1.036, tokens=454
Setting `pad_token_id` to `eos_token_id`:2 for open-end generation.
      Turn 6: H=0.549, tokens=522
Setting `pad_token_id` to `eos_token_id`:2 for open-end generation.
      Turn 7: H=0.481, tokens=591
  Trial 4/10 (probe 3):
Setting `pad_token_id` to `eos_token_id`:2 for open-end generation.
      Turn 0: H=0.580, tokens=100
Setting `pad_token_id` to `eos_token_id`:2 for open-end generation.
      Turn 1: H=1.041, tokens=169
Setting `pad_token_id` to `eos_token_id`:2 for open-end generation.
      Turn 2: H=0.559, tokens=242
Setting `pad_token_id` to `eos_token_id`:2 for open-end generation.
      Turn 3: H=1.082, tokens=310
Setting `pad_token_id` to `eos_token_id`:2 for open-end generation.
      Turn 4: H=1.108, tokens=382
Setting `pad_token_id` to `eos_token_id`:2 for open-end generation.
      Turn 5: H=1.105, tokens=450
Setting `pad_token_id` to `eos_token_id`:2 for open-end generation.
      Turn 6: H=0.896, tokens=519
Setting `pad_token_id` to `eos_token_id`:2 for open-end generation.
      Turn 7: H=0.200, tokens=587
  Trial 5/10 (probe 4):
Setting `pad_token_id` to `eos_token_id`:2 for open-end generation.
      Turn 0: H=0.902, tokens=100
Setting `pad_token_id` to `eos_token_id`:2 for open-end generation.
      Turn 1: H=0.830, tokens=173
Setting `pad_token_id` to `eos_token_id`:2 for open-end generation.
      Turn 2: H=0.900, tokens=241
Setting `pad_token_id` to `eos_token_id`:2 for open-end generation.
      Turn 3: H=0.982, tokens=313
Setting `pad_token_id` to `eos_token_id`:2 for open-end generation.
      Turn 4: H=0.375, tokens=381
Setting `pad_token_id` to `eos_token_id`:2 for open-end generation.
      Turn 5: H=1.063, tokens=450
Setting `pad_token_id` to `eos_token_id`:2 for open-end generation.
      Turn 6: H=0.394, tokens=518
Setting `pad_token_id` to `eos_token_id`:2 for open-end generation.
      Turn 7: H=0.711, tokens=591
  Trial 6/10 (probe 0):
Setting `pad_token_id` to `eos_token_id`:2 for open-end generation.
      Turn 0: H=0.870, tokens=99
Setting `pad_token_id` to `eos_token_id`:2 for open-end generation.
      Turn 1: H=1.211, tokens=168
Setting `pad_token_id` to `eos_token_id`:2 for open-end generation.
      Turn 2: H=0.959, tokens=236
Setting `pad_token_id` to `eos_token_id`:2 for open-end generation.
      Turn 3: H=0.618, tokens=309
Setting `pad_token_id` to `eos_token_id`:2 for open-end generation.
      Turn 4: H=0.893, tokens=378
Setting `pad_token_id` to `eos_token_id`:2 for open-end generation.
      Turn 5: H=0.422, tokens=451
Setting `pad_token_id` to `eos_token_id`:2 for open-end generation.
      Turn 6: H=0.728, tokens=519
Setting `pad_token_id` to `eos_token_id`:2 for open-end generation.
      Turn 7: H=0.634, tokens=591
  Trial 7/10 (probe 1):
Setting `pad_token_id` to `eos_token_id`:2 for open-end generation.
      Turn 0: H=0.902, tokens=101
Setting `pad_token_id` to `eos_token_id`:2 for open-end generation.
      Turn 1: H=0.813, tokens=170
Setting `pad_token_id` to `eos_token_id`:2 for open-end generation.
      Turn 2: H=0.876, tokens=243
Setting `pad_token_id` to `eos_token_id`:2 for open-end generation.
      Turn 3: H=0.627, tokens=312
Setting `pad_token_id` to `eos_token_id`:2 for open-end generation.
      Turn 4: H=0.800, tokens=385
Setting `pad_token_id` to `eos_token_id`:2 for open-end generation.
      Turn 5: H=0.416, tokens=453
Setting `pad_token_id` to `eos_token_id`:2 for open-end generation.
      Turn 6: H=0.955, tokens=525
Setting `pad_token_id` to `eos_token_id`:2 for open-end generation.
      Turn 7: H=0.673, tokens=593
  Trial 8/10 (probe 2):
Setting `pad_token_id` to `eos_token_id`:2 for open-end generation.
      Turn 0: H=1.007, tokens=99
Setting `pad_token_id` to `eos_token_id`:2 for open-end generation.
      Turn 1: H=0.907, tokens=172
Setting `pad_token_id` to `eos_token_id`:2 for open-end generation.
      Turn 2: H=1.006, tokens=241
Setting `pad_token_id` to `eos_token_id`:2 for open-end generation.
      Turn 3: H=0.728, tokens=314
Setting `pad_token_id` to `eos_token_id`:2 for open-end generation.
      Turn 4: H=0.828, tokens=382
Setting `pad_token_id` to `eos_token_id`:2 for open-end generation.
      Turn 5: H=1.036, tokens=454
Setting `pad_token_id` to `eos_token_id`:2 for open-end generation.
      Turn 6: H=0.549, tokens=522
Setting `pad_token_id` to `eos_token_id`:2 for open-end generation.
      Turn 7: H=0.481, tokens=591
  Trial 9/10 (probe 3):
Setting `pad_token_id` to `eos_token_id`:2 for open-end generation.
      Turn 0: H=0.580, tokens=100
Setting `pad_token_id` to `eos_token_id`:2 for open-end generation.
      Turn 1: H=1.041, tokens=169
Setting `pad_token_id` to `eos_token_id`:2 for open-end generation.
      Turn 2: H=0.559, tokens=242
Setting `pad_token_id` to `eos_token_id`:2 for open-end generation.
      Turn 3: H=1.082, tokens=310
Setting `pad_token_id` to `eos_token_id`:2 for open-end generation.
      Turn 4: H=1.108, tokens=382
Setting `pad_token_id` to `eos_token_id`:2 for open-end generation.
      Turn 5: H=1.105, tokens=450
Setting `pad_token_id` to `eos_token_id`:2 for open-end generation.
      Turn 6: H=0.896, tokens=519
Setting `pad_token_id` to `eos_token_id`:2 for open-end generation.
      Turn 7: H=0.200, tokens=587
  Trial 10/10 (probe 4):
Setting `pad_token_id` to `eos_token_id`:2 for open-end generation.
      Turn 0: H=0.902, tokens=100
Setting `pad_token_id` to `eos_token_id`:2 for open-end generation.
      Turn 1: H=0.830, tokens=173
Setting `pad_token_id` to `eos_token_id`:2 for open-end generation.
      Turn 2: H=0.900, tokens=241
Setting `pad_token_id` to `eos_token_id`:2 for open-end generation.
      Turn 3: H=0.982, tokens=313
Setting `pad_token_id` to `eos_token_id`:2 for open-end generation.
      Turn 4: H=0.375, tokens=381
Setting `pad_token_id` to `eos_token_id`:2 for open-end generation.
      Turn 5: H=1.063, tokens=450
Setting `pad_token_id` to `eos_token_id`:2 for open-end generation.
      Turn 6: H=0.394, tokens=518
Setting `pad_token_id` to `eos_token_id`:2 for open-end generation.
      Turn 7: H=0.711, tokens=591

  Concentration at turn 2 (relay zone):
    L18: +0.996 (Δ=+0.000)
    L19: +0.923 (Δ=-0.010)
    L20: +0.650 (Δ=+0.077)
    L21: +0.659 (Δ=+0.009)
    L22: +0.906 (Δ=+0.095)
    L23: +0.910 (Δ=+0.003)
    L24: +0.915 (Δ=+0.003)
    L25: +0.918 (Δ=+0.004)
    L26: +0.923 (Δ=+0.004)
    L27: +0.926 (Δ=+0.003)
    L28: +0.933 (Δ=+0.003)
    L29: +0.936 (Δ=+0.003)
    L30: +0.944 (Δ=+0.004)
    L31: +0.947 (Δ=+0.008)
    L32: -0.031 (Δ=+0.014)

============================================================
  CONDITION: zero_mlp_L27
============================================================
  Trial 1/10 (probe 0):
Setting `pad_token_id` to `eos_token_id`:2 for open-end generation.
      Turn 0: H=0.556, tokens=99
Setting `pad_token_id` to `eos_token_id`:2 for open-end generation.
      Turn 1: H=0.814, tokens=168
Setting `pad_token_id` to `eos_token_id`:2 for open-end generation.
      Turn 2: H=0.765, tokens=236
Setting `pad_token_id` to `eos_token_id`:2 for open-end generation.
      Turn 3: H=0.479, tokens=309
Setting `pad_token_id` to `eos_token_id`:2 for open-end generation.
      Turn 4: H=0.566, tokens=378
Setting `pad_token_id` to `eos_token_id`:2 for open-end generation.
      Turn 5: H=0.338, tokens=451
Setting `pad_token_id` to `eos_token_id`:2 for open-end generation.
      Turn 6: H=0.212, tokens=519
Setting `pad_token_id` to `eos_token_id`:2 for open-end generation.
      Turn 7: H=0.469, tokens=591
  Trial 2/10 (probe 1):
Setting `pad_token_id` to `eos_token_id`:2 for open-end generation.
      Turn 0: H=0.905, tokens=101
Setting `pad_token_id` to `eos_token_id`:2 for open-end generation.
      Turn 1: H=0.723, tokens=170
Setting `pad_token_id` to `eos_token_id`:2 for open-end generation.
      Turn 2: H=0.776, tokens=243
Setting `pad_token_id` to `eos_token_id`:2 for open-end generation.
      Turn 3: H=1.181, tokens=312
Setting `pad_token_id` to `eos_token_id`:2 for open-end generation.
      Turn 4: H=0.797, tokens=385
Setting `pad_token_id` to `eos_token_id`:2 for open-end generation.
      Turn 5: H=0.347, tokens=453
Setting `pad_token_id` to `eos_token_id`:2 for open-end generation.
      Turn 6: H=0.683, tokens=525
Setting `pad_token_id` to `eos_token_id`:2 for open-end generation.
      Turn 7: H=0.577, tokens=591
  Trial 3/10 (probe 2):
Setting `pad_token_id` to `eos_token_id`:2 for open-end generation.
      Turn 0: H=0.869, tokens=99
Setting `pad_token_id` to `eos_token_id`:2 for open-end generation.
      Turn 1: H=0.886, tokens=172
Setting `pad_token_id` to `eos_token_id`:2 for open-end generation.
      Turn 2: H=1.240, tokens=241
Setting `pad_token_id` to `eos_token_id`:2 for open-end generation.
      Turn 3: H=0.600, tokens=314
Setting `pad_token_id` to `eos_token_id`:2 for open-end generation.
      Turn 4: H=0.864, tokens=382
Setting `pad_token_id` to `eos_token_id`:2 for open-end generation.
      Turn 5: H=0.779, tokens=454
Setting `pad_token_id` to `eos_token_id`:2 for open-end generation.
      Turn 6: H=0.790, tokens=522
Setting `pad_token_id` to `eos_token_id`:2 for open-end generation.
      Turn 7: H=0.361, tokens=591
  Trial 4/10 (probe 3):
Setting `pad_token_id` to `eos_token_id`:2 for open-end generation.
      Turn 0: H=0.621, tokens=100
Setting `pad_token_id` to `eos_token_id`:2 for open-end generation.
      Turn 1: H=1.116, tokens=169
Setting `pad_token_id` to `eos_token_id`:2 for open-end generation.
      Turn 2: H=0.648, tokens=242
Setting `pad_token_id` to `eos_token_id`:2 for open-end generation.
      Turn 3: H=0.952, tokens=310
Setting `pad_token_id` to `eos_token_id`:2 for open-end generation.
      Turn 4: H=0.732, tokens=382
Setting `pad_token_id` to `eos_token_id`:2 for open-end generation.
      Turn 5: H=0.545, tokens=450
Setting `pad_token_id` to `eos_token_id`:2 for open-end generation.
      Turn 6: H=0.448, tokens=519
Setting `pad_token_id` to `eos_token_id`:2 for open-end generation.
      Turn 7: H=0.164, tokens=587
  Trial 5/10 (probe 4):
Setting `pad_token_id` to `eos_token_id`:2 for open-end generation.
      Turn 0: H=0.790, tokens=100
Setting `pad_token_id` to `eos_token_id`:2 for open-end generation.
      Turn 1: H=0.951, tokens=173
Setting `pad_token_id` to `eos_token_id`:2 for open-end generation.
      Turn 2: H=1.095, tokens=241
Setting `pad_token_id` to `eos_token_id`:2 for open-end generation.
      Turn 3: H=0.928, tokens=313
Setting `pad_token_id` to `eos_token_id`:2 for open-end generation.
      Turn 4: H=1.334, tokens=381
Setting `pad_token_id` to `eos_token_id`:2 for open-end generation.
      Turn 5: H=0.765, tokens=450
Setting `pad_token_id` to `eos_token_id`:2 for open-end generation.
      Turn 6: H=0.235, tokens=518
Setting `pad_token_id` to `eos_token_id`:2 for open-end generation.
      Turn 7: H=0.624, tokens=591
  Trial 6/10 (probe 0):
Setting `pad_token_id` to `eos_token_id`:2 for open-end generation.
      Turn 0: H=0.556, tokens=99
Setting `pad_token_id` to `eos_token_id`:2 for open-end generation.
      Turn 1: H=0.814, tokens=168
Setting `pad_token_id` to `eos_token_id`:2 for open-end generation.
      Turn 2: H=0.765, tokens=236
Setting `pad_token_id` to `eos_token_id`:2 for open-end generation.
      Turn 3: H=0.479, tokens=309
Setting `pad_token_id` to `eos_token_id`:2 for open-end generation.
      Turn 4: H=0.566, tokens=378
Setting `pad_token_id` to `eos_token_id`:2 for open-end generation.
      Turn 5: H=0.338, tokens=451
Setting `pad_token_id` to `eos_token_id`:2 for open-end generation.
      Turn 6: H=0.212, tokens=519
Setting `pad_token_id` to `eos_token_id`:2 for open-end generation.
      Turn 7: H=0.469, tokens=591
  Trial 7/10 (probe 1):
Setting `pad_token_id` to `eos_token_id`:2 for open-end generation.
      Turn 0: H=0.905, tokens=101
Setting `pad_token_id` to `eos_token_id`:2 for open-end generation.
      Turn 1: H=0.723, tokens=170
Setting `pad_token_id` to `eos_token_id`:2 for open-end generation.
      Turn 2: H=0.776, tokens=243
Setting `pad_token_id` to `eos_token_id`:2 for open-end generation.
      Turn 3: H=1.181, tokens=312
Setting `pad_token_id` to `eos_token_id`:2 for open-end generation.
      Turn 4: H=0.797, tokens=385
Setting `pad_token_id` to `eos_token_id`:2 for open-end generation.
      Turn 5: H=0.347, tokens=453
Setting `pad_token_id` to `eos_token_id`:2 for open-end generation.
      Turn 6: H=0.683, tokens=525
Setting `pad_token_id` to `eos_token_id`:2 for open-end generation.
      Turn 7: H=0.577, tokens=591
  Trial 8/10 (probe 2):
Setting `pad_token_id` to `eos_token_id`:2 for open-end generation.
      Turn 0: H=0.869, tokens=99
Setting `pad_token_id` to `eos_token_id`:2 for open-end generation.
      Turn 1: H=0.886, tokens=172
Setting `pad_token_id` to `eos_token_id`:2 for open-end generation.
      Turn 2: H=1.240, tokens=241
Setting `pad_token_id` to `eos_token_id`:2 for open-end generation.
      Turn 3: H=0.600, tokens=314
Setting `pad_token_id` to `eos_token_id`:2 for open-end generation.
      Turn 4: H=0.864, tokens=382
Setting `pad_token_id` to `eos_token_id`:2 for open-end generation.
      Turn 5: H=0.779, tokens=454
Setting `pad_token_id` to `eos_token_id`:2 for open-end generation.
      Turn 6: H=0.790, tokens=522
Setting `pad_token_id` to `eos_token_id`:2 for open-end generation.
      Turn 7: H=0.361, tokens=591
  Trial 9/10 (probe 3):
Setting `pad_token_id` to `eos_token_id`:2 for open-end generation.
      Turn 0: H=0.621, tokens=100
Setting `pad_token_id` to `eos_token_id`:2 for open-end generation.
      Turn 1: H=1.116, tokens=169
Setting `pad_token_id` to `eos_token_id`:2 for open-end generation.
      Turn 2: H=0.648, tokens=242
Setting `pad_token_id` to `eos_token_id`:2 for open-end generation.
      Turn 3: H=0.952, tokens=310
Setting `pad_token_id` to `eos_token_id`:2 for open-end generation.
      Turn 4: H=0.732, tokens=382
Setting `pad_token_id` to `eos_token_id`:2 for open-end generation.
      Turn 5: H=0.545, tokens=450
Setting `pad_token_id` to `eos_token_id`:2 for open-end generation.
      Turn 6: H=0.448, tokens=519
Setting `pad_token_id` to `eos_token_id`:2 for open-end generation.
      Turn 7: H=0.164, tokens=587
  Trial 10/10 (probe 4):
Setting `pad_token_id` to `eos_token_id`:2 for open-end generation.
      Turn 0: H=0.790, tokens=100
Setting `pad_token_id` to `eos_token_id`:2 for open-end generation.
      Turn 1: H=0.951, tokens=173
Setting `pad_token_id` to `eos_token_id`:2 for open-end generation.
      Turn 2: H=1.095, tokens=241
Setting `pad_token_id` to `eos_token_id`:2 for open-end generation.
      Turn 3: H=0.928, tokens=313
Setting `pad_token_id` to `eos_token_id`:2 for open-end generation.
      Turn 4: H=1.334, tokens=381
Setting `pad_token_id` to `eos_token_id`:2 for open-end generation.
      Turn 5: H=0.765, tokens=450
Setting `pad_token_id` to `eos_token_id`:2 for open-end generation.
      Turn 6: H=0.235, tokens=518
Setting `pad_token_id` to `eos_token_id`:2 for open-end generation.
      Turn 7: H=0.624, tokens=591

  Concentration at turn 2 (relay zone):
    L18: +0.996 (Δ=+0.001)
    L19: +0.951 (Δ=+0.017)
    L20: +0.568 (Δ=-0.006)
    L21: +0.690 (Δ=+0.040)
    L22: +0.892 (Δ=+0.082)
    L23: +0.903 (Δ=-0.003)
    L24: +0.908 (Δ=-0.004)
    L25: +0.909 (Δ=-0.005)
    L26: +0.914 (Δ=-0.006)
    L27: +0.918 (Δ=-0.006)
    L28: +0.923 (Δ=-0.007)
    L29: +0.920 (Δ=-0.012)
    L30: +0.931 (Δ=-0.009)
    L31: +0.934 (Δ=-0.005)
    L32: +0.208 (Δ=+0.252) ◄ DISRUPTED

============================================================
  CONDITION: zero_attn_L27
============================================================
  Trial 1/10 (probe 0):
Setting `pad_token_id` to `eos_token_id`:2 for open-end generation.
      Turn 0: H=0.458, tokens=99
Setting `pad_token_id` to `eos_token_id`:2 for open-end generation.
      Turn 1: H=0.704, tokens=168
Setting `pad_token_id` to `eos_token_id`:2 for open-end generation.
      Turn 2: H=0.934, tokens=236
Setting `pad_token_id` to `eos_token_id`:2 for open-end generation.
      Turn 3: H=0.481, tokens=309
Setting `pad_token_id` to `eos_token_id`:2 for open-end generation.
      Turn 4: H=0.205, tokens=378
Setting `pad_token_id` to `eos_token_id`:2 for open-end generation.
      Turn 5: H=0.396, tokens=451
Setting `pad_token_id` to `eos_token_id`:2 for open-end generation.
      Turn 6: H=0.587, tokens=519
Setting `pad_token_id` to `eos_token_id`:2 for open-end generation.
      Turn 7: H=0.460, tokens=591
  Trial 2/10 (probe 1):
Setting `pad_token_id` to `eos_token_id`:2 for open-end generation.
      Turn 0: H=0.823, tokens=101
Setting `pad_token_id` to `eos_token_id`:2 for open-end generation.
      Turn 1: H=0.560, tokens=170
Setting `pad_token_id` to `eos_token_id`:2 for open-end generation.
      Turn 2: H=0.611, tokens=243
Setting `pad_token_id` to `eos_token_id`:2 for open-end generation.
      Turn 3: H=0.771, tokens=312
Setting `pad_token_id` to `eos_token_id`:2 for open-end generation.
      Turn 4: H=0.309, tokens=385
Setting `pad_token_id` to `eos_token_id`:2 for open-end generation.
      Turn 5: H=0.310, tokens=453
Setting `pad_token_id` to `eos_token_id`:2 for open-end generation.
      Turn 6: H=0.515, tokens=525
Setting `pad_token_id` to `eos_token_id`:2 for open-end generation.
      Turn 7: H=0.604, tokens=593
  Trial 3/10 (probe 2):
Setting `pad_token_id` to `eos_token_id`:2 for open-end generation.
      Turn 0: H=1.049, tokens=99
Setting `pad_token_id` to `eos_token_id`:2 for open-end generation.
      Turn 1: H=0.905, tokens=172
Setting `pad_token_id` to `eos_token_id`:2 for open-end generation.
      Turn 2: H=0.763, tokens=241
Setting `pad_token_id` to `eos_token_id`:2 for open-end generation.
      Turn 3: H=0.683, tokens=314
Setting `pad_token_id` to `eos_token_id`:2 for open-end generation.
      Turn 4: H=1.226, tokens=382
Setting `pad_token_id` to `eos_token_id`:2 for open-end generation.
      Turn 5: H=1.228, tokens=454
Setting `pad_token_id` to `eos_token_id`:2 for open-end generation.
      Turn 6: H=0.885, tokens=522
Setting `pad_token_id` to `eos_token_id`:2 for open-end generation.
      Turn 7: H=0.341, tokens=591
  Trial 4/10 (probe 3):
Setting `pad_token_id` to `eos_token_id`:2 for open-end generation.
      Turn 0: H=0.560, tokens=100
Setting `pad_token_id` to `eos_token_id`:2 for open-end generation.
      Turn 1: H=1.458, tokens=169
Setting `pad_token_id` to `eos_token_id`:2 for open-end generation.
      Turn 2: H=0.819, tokens=242
Setting `pad_token_id` to `eos_token_id`:2 for open-end generation.
      Turn 3: H=0.923, tokens=310
Setting `pad_token_id` to `eos_token_id`:2 for open-end generation.
      Turn 4: H=1.021, tokens=382
Setting `pad_token_id` to `eos_token_id`:2 for open-end generation.
      Turn 5: H=1.048, tokens=450
Setting `pad_token_id` to `eos_token_id`:2 for open-end generation.
      Turn 6: H=0.668, tokens=519
Setting `pad_token_id` to `eos_token_id`:2 for open-end generation.
      Turn 7: H=0.361, tokens=587
  Trial 5/10 (probe 4):
Setting `pad_token_id` to `eos_token_id`:2 for open-end generation.
      Turn 0: H=0.985, tokens=100
Setting `pad_token_id` to `eos_token_id`:2 for open-end generation.
      Turn 1: H=1.074, tokens=173
Setting `pad_token_id` to `eos_token_id`:2 for open-end generation.
      Turn 2: H=1.182, tokens=241
Setting `pad_token_id` to `eos_token_id`:2 for open-end generation.
      Turn 3: H=0.960, tokens=313
Setting `pad_token_id` to `eos_token_id`:2 for open-end generation.
      Turn 4: H=1.258, tokens=381
Setting `pad_token_id` to `eos_token_id`:2 for open-end generation.
      Turn 5: H=0.809, tokens=437
Setting `pad_token_id` to `eos_token_id`:2 for open-end generation.
      Turn 6: H=0.528, tokens=505
Setting `pad_token_id` to `eos_token_id`:2 for open-end generation.
      Turn 7: H=0.592, tokens=578
  Trial 6/10 (probe 0):
Setting `pad_token_id` to `eos_token_id`:2 for open-end generation.
      Turn 0: H=0.458, tokens=99
Setting `pad_token_id` to `eos_token_id`:2 for open-end generation.
      Turn 1: H=0.704, tokens=168
Setting `pad_token_id` to `eos_token_id`:2 for open-end generation.
      Turn 2: H=0.934, tokens=236
Setting `pad_token_id` to `eos_token_id`:2 for open-end generation.
      Turn 3: H=0.481, tokens=309
Setting `pad_token_id` to `eos_token_id`:2 for open-end generation.
      Turn 4: H=0.205, tokens=378
Setting `pad_token_id` to `eos_token_id`:2 for open-end generation.
      Turn 5: H=0.396, tokens=451
Setting `pad_token_id` to `eos_token_id`:2 for open-end generation.
      Turn 6: H=0.587, tokens=519
Setting `pad_token_id` to `eos_token_id`:2 for open-end generation.
      Turn 7: H=0.460, tokens=591
  Trial 7/10 (probe 1):
Setting `pad_token_id` to `eos_token_id`:2 for open-end generation.
      Turn 0: H=0.823, tokens=101
Setting `pad_token_id` to `eos_token_id`:2 for open-end generation.
      Turn 1: H=0.560, tokens=170
Setting `pad_token_id` to `eos_token_id`:2 for open-end generation.
      Turn 2: H=0.611, tokens=243
Setting `pad_token_id` to `eos_token_id`:2 for open-end generation.
      Turn 3: H=0.771, tokens=312
Setting `pad_token_id` to `eos_token_id`:2 for open-end generation.
      Turn 4: H=0.309, tokens=385
Setting `pad_token_id` to `eos_token_id`:2 for open-end generation.
      Turn 5: H=0.310, tokens=453
Setting `pad_token_id` to `eos_token_id`:2 for open-end generation.
      Turn 6: H=0.515, tokens=525
Setting `pad_token_id` to `eos_token_id`:2 for open-end generation.
      Turn 7: H=0.604, tokens=593
  Trial 8/10 (probe 2):
Setting `pad_token_id` to `eos_token_id`:2 for open-end generation.
      Turn 0: H=1.049, tokens=99
Setting `pad_token_id` to `eos_token_id`:2 for open-end generation.
      Turn 1: H=0.905, tokens=172
Setting `pad_token_id` to `eos_token_id`:2 for open-end generation.
      Turn 2: H=0.763, tokens=241
Setting `pad_token_id` to `eos_token_id`:2 for open-end generation.
      Turn 3: H=0.683, tokens=314
Setting `pad_token_id` to `eos_token_id`:2 for open-end generation.
      Turn 4: H=1.226, tokens=382
Setting `pad_token_id` to `eos_token_id`:2 for open-end generation.
      Turn 5: H=1.228, tokens=454
Setting `pad_token_id` to `eos_token_id`:2 for open-end generation.
      Turn 6: H=0.885, tokens=522
Setting `pad_token_id` to `eos_token_id`:2 for open-end generation.
      Turn 7: H=0.341, tokens=591
  Trial 9/10 (probe 3):
Setting `pad_token_id` to `eos_token_id`:2 for open-end generation.
      Turn 0: H=0.560, tokens=100
Setting `pad_token_id` to `eos_token_id`:2 for open-end generation.
      Turn 1: H=1.458, tokens=169
Setting `pad_token_id` to `eos_token_id`:2 for open-end generation.
      Turn 2: H=0.819, tokens=242
Setting `pad_token_id` to `eos_token_id`:2 for open-end generation.
      Turn 3: H=0.923, tokens=310
Setting `pad_token_id` to `eos_token_id`:2 for open-end generation.
      Turn 4: H=1.021, tokens=382
Setting `pad_token_id` to `eos_token_id`:2 for open-end generation.
      Turn 5: H=1.048, tokens=450
Setting `pad_token_id` to `eos_token_id`:2 for open-end generation.
      Turn 6: H=0.668, tokens=519
Setting `pad_token_id` to `eos_token_id`:2 for open-end generation.
      Turn 7: H=0.361, tokens=587
  Trial 10/10 (probe 4):
Setting `pad_token_id` to `eos_token_id`:2 for open-end generation.
      Turn 0: H=0.985, tokens=100
Setting `pad_token_id` to `eos_token_id`:2 for open-end generation.
      Turn 1: H=1.074, tokens=173
Setting `pad_token_id` to `eos_token_id`:2 for open-end generation.
      Turn 2: H=1.182, tokens=241
Setting `pad_token_id` to `eos_token_id`:2 for open-end generation.
      Turn 3: H=0.960, tokens=313
Setting `pad_token_id` to `eos_token_id`:2 for open-end generation.
      Turn 4: H=1.258, tokens=381
Setting `pad_token_id` to `eos_token_id`:2 for open-end generation.
      Turn 5: H=0.809, tokens=437
Setting `pad_token_id` to `eos_token_id`:2 for open-end generation.
      Turn 6: H=0.528, tokens=505
Setting `pad_token_id` to `eos_token_id`:2 for open-end generation.
      Turn 7: H=0.592, tokens=578

  Concentration at turn 2 (relay zone):
    L18: +0.987 (Δ=-0.009)
    L19: +0.798 (Δ=-0.135)
    L20: +0.645 (Δ=+0.072)
    L21: +0.671 (Δ=+0.020)
    L22: +0.271 (Δ=-0.539) ◄ DISRUPTED
    L23: +0.262 (Δ=-0.645) ◄ DISRUPTED
    L24: +0.915 (Δ=+0.003)
    L25: +0.917 (Δ=+0.002)
    L26: +0.921 (Δ=+0.002)
    L27: +0.925 (Δ=+0.002)
    L28: +0.926 (Δ=-0.004)
    L29: +0.929 (Δ=-0.004)
    L30: +0.940 (Δ=-0.000)
    L31: +0.944 (Δ=+0.006)
    L32: +0.021 (Δ=+0.066)

============================================================
  CONDITION: zero_mlp_L28
============================================================
  Trial 1/10 (probe 0):
Setting `pad_token_id` to `eos_token_id`:2 for open-end generation.
      Turn 0: H=0.840, tokens=99
Setting `pad_token_id` to `eos_token_id`:2 for open-end generation.
      Turn 1: H=0.825, tokens=168
Setting `pad_token_id` to `eos_token_id`:2 for open-end generation.
      Turn 2: H=0.209, tokens=236
Setting `pad_token_id` to `eos_token_id`:2 for open-end generation.
      Turn 3: H=0.661, tokens=309
Setting `pad_token_id` to `eos_token_id`:2 for open-end generation.
      Turn 4: H=0.672, tokens=378
Setting `pad_token_id` to `eos_token_id`:2 for open-end generation.
      Turn 5: H=0.398, tokens=451
Setting `pad_token_id` to `eos_token_id`:2 for open-end generation.
      Turn 6: H=0.434, tokens=519
Setting `pad_token_id` to `eos_token_id`:2 for open-end generation.
      Turn 7: H=0.710, tokens=591
  Trial 2/10 (probe 1):
Setting `pad_token_id` to `eos_token_id`:2 for open-end generation.
      Turn 0: H=0.694, tokens=101
Setting `pad_token_id` to `eos_token_id`:2 for open-end generation.
      Turn 1: H=1.132, tokens=170
Setting `pad_token_id` to `eos_token_id`:2 for open-end generation.
      Turn 2: H=1.017, tokens=243
Setting `pad_token_id` to `eos_token_id`:2 for open-end generation.
      Turn 3: H=0.986, tokens=312
Setting `pad_token_id` to `eos_token_id`:2 for open-end generation.
      Turn 4: H=0.772, tokens=385
Setting `pad_token_id` to `eos_token_id`:2 for open-end generation.
      Turn 5: H=0.754, tokens=453
Setting `pad_token_id` to `eos_token_id`:2 for open-end generation.
      Turn 6: H=1.059, tokens=525
Setting `pad_token_id` to `eos_token_id`:2 for open-end generation.
      Turn 7: H=0.258, tokens=593
  Trial 3/10 (probe 2):
Setting `pad_token_id` to `eos_token_id`:2 for open-end generation.
      Turn 0: H=0.870, tokens=99
Setting `pad_token_id` to `eos_token_id`:2 for open-end generation.
      Turn 1: H=1.060, tokens=172
Setting `pad_token_id` to `eos_token_id`:2 for open-end generation.
      Turn 2: H=1.339, tokens=241
Setting `pad_token_id` to `eos_token_id`:2 for open-end generation.
      Turn 3: H=0.951, tokens=314
Setting `pad_token_id` to `eos_token_id`:2 for open-end generation.
      Turn 4: H=0.717, tokens=382
Setting `pad_token_id` to `eos_token_id`:2 for open-end generation.
      Turn 5: H=0.904, tokens=454
Setting `pad_token_id` to `eos_token_id`:2 for open-end generation.
      Turn 6: H=0.919, tokens=522
Setting `pad_token_id` to `eos_token_id`:2 for open-end generation.
      Turn 7: H=0.576, tokens=591
  Trial 4/10 (probe 3):
Setting `pad_token_id` to `eos_token_id`:2 for open-end generation.
      Turn 0: H=0.603, tokens=100
Setting `pad_token_id` to `eos_token_id`:2 for open-end generation.
      Turn 1: H=1.280, tokens=169
Setting `pad_token_id` to `eos_token_id`:2 for open-end generation.
      Turn 2: H=0.709, tokens=242
Setting `pad_token_id` to `eos_token_id`:2 for open-end generation.
      Turn 3: H=0.737, tokens=310
Setting `pad_token_id` to `eos_token_id`:2 for open-end generation.
      Turn 4: H=0.998, tokens=382
Setting `pad_token_id` to `eos_token_id`:2 for open-end generation.
      Turn 5: H=0.537, tokens=450
Setting `pad_token_id` to `eos_token_id`:2 for open-end generation.
      Turn 6: H=0.369, tokens=519
Setting `pad_token_id` to `eos_token_id`:2 for open-end generation.
      Turn 7: H=0.427, tokens=587
  Trial 5/10 (probe 4):
Setting `pad_token_id` to `eos_token_id`:2 for open-end generation.
      Turn 0: H=0.944, tokens=100
Setting `pad_token_id` to `eos_token_id`:2 for open-end generation.
      Turn 1: H=0.891, tokens=173
Setting `pad_token_id` to `eos_token_id`:2 for open-end generation.
      Turn 2: H=1.204, tokens=241
Setting `pad_token_id` to `eos_token_id`:2 for open-end generation.
      Turn 3: H=1.153, tokens=313
Setting `pad_token_id` to `eos_token_id`:2 for open-end generation.
      Turn 4: H=1.351, tokens=381
Setting `pad_token_id` to `eos_token_id`:2 for open-end generation.
      Turn 5: H=0.984, tokens=450
Setting `pad_token_id` to `eos_token_id`:2 for open-end generation.
      Turn 6: H=0.241, tokens=518
Setting `pad_token_id` to `eos_token_id`:2 for open-end generation.
      Turn 7: H=0.781, tokens=591
  Trial 6/10 (probe 0):
Setting `pad_token_id` to `eos_token_id`:2 for open-end generation.
      Turn 0: H=0.840, tokens=99
Setting `pad_token_id` to `eos_token_id`:2 for open-end generation.
      Turn 1: H=0.825, tokens=168
Setting `pad_token_id` to `eos_token_id`:2 for open-end generation.
      Turn 2: H=0.209, tokens=236
Setting `pad_token_id` to `eos_token_id`:2 for open-end generation.
      Turn 3: H=0.661, tokens=309
Setting `pad_token_id` to `eos_token_id`:2 for open-end generation.
      Turn 4: H=0.672, tokens=378
Setting `pad_token_id` to `eos_token_id`:2 for open-end generation.
      Turn 5: H=0.398, tokens=451
Setting `pad_token_id` to `eos_token_id`:2 for open-end generation.
      Turn 6: H=0.434, tokens=519
Setting `pad_token_id` to `eos_token_id`:2 for open-end generation.
      Turn 7: H=0.710, tokens=591
  Trial 7/10 (probe 1):
Setting `pad_token_id` to `eos_token_id`:2 for open-end generation.
      Turn 0: H=0.694, tokens=101
Setting `pad_token_id` to `eos_token_id`:2 for open-end generation.
      Turn 1: H=1.132, tokens=170
Setting `pad_token_id` to `eos_token_id`:2 for open-end generation.
      Turn 2: H=1.017, tokens=243
Setting `pad_token_id` to `eos_token_id`:2 for open-end generation.
      Turn 3: H=0.986, tokens=312
Setting `pad_token_id` to `eos_token_id`:2 for open-end generation.
      Turn 4: H=0.772, tokens=385
Setting `pad_token_id` to `eos_token_id`:2 for open-end generation.
      Turn 5: H=0.754, tokens=453
Setting `pad_token_id` to `eos_token_id`:2 for open-end generation.
      Turn 6: H=1.059, tokens=525
Setting `pad_token_id` to `eos_token_id`:2 for open-end generation.
      Turn 7: H=0.258, tokens=593
  Trial 8/10 (probe 2):
Setting `pad_token_id` to `eos_token_id`:2 for open-end generation.
      Turn 0: H=0.870, tokens=99
Setting `pad_token_id` to `eos_token_id`:2 for open-end generation.
      Turn 1: H=1.060, tokens=172
Setting `pad_token_id` to `eos_token_id`:2 for open-end generation.
      Turn 2: H=1.339, tokens=241
Setting `pad_token_id` to `eos_token_id`:2 for open-end generation.
      Turn 3: H=0.951, tokens=314
Setting `pad_token_id` to `eos_token_id`:2 for open-end generation.
      Turn 4: H=0.717, tokens=382
Setting `pad_token_id` to `eos_token_id`:2 for open-end generation.
      Turn 5: H=0.904, tokens=454
Setting `pad_token_id` to `eos_token_id`:2 for open-end generation.
      Turn 6: H=0.919, tokens=522
Setting `pad_token_id` to `eos_token_id`:2 for open-end generation.
      Turn 7: H=0.576, tokens=591
  Trial 9/10 (probe 3):
Setting `pad_token_id` to `eos_token_id`:2 for open-end generation.
      Turn 0: H=0.603, tokens=100
Setting `pad_token_id` to `eos_token_id`:2 for open-end generation.
      Turn 1: H=1.280, tokens=169
Setting `pad_token_id` to `eos_token_id`:2 for open-end generation.
      Turn 2: H=0.709, tokens=242
Setting `pad_token_id` to `eos_token_id`:2 for open-end generation.
      Turn 3: H=0.737, tokens=310
Setting `pad_token_id` to `eos_token_id`:2 for open-end generation.
      Turn 4: H=0.998, tokens=382
Setting `pad_token_id` to `eos_token_id`:2 for open-end generation.
      Turn 5: H=0.537, tokens=450
Setting `pad_token_id` to `eos_token_id`:2 for open-end generation.
      Turn 6: H=0.369, tokens=519
Setting `pad_token_id` to `eos_token_id`:2 for open-end generation.
      Turn 7: H=0.427, tokens=587
  Trial 10/10 (probe 4):
Setting `pad_token_id` to `eos_token_id`:2 for open-end generation.
      Turn 0: H=0.944, tokens=100
Setting `pad_token_id` to `eos_token_id`:2 for open-end generation.
      Turn 1: H=0.891, tokens=173
Setting `pad_token_id` to `eos_token_id`:2 for open-end generation.
      Turn 2: H=1.204, tokens=241
Setting `pad_token_id` to `eos_token_id`:2 for open-end generation.
      Turn 3: H=1.153, tokens=313
Setting `pad_token_id` to `eos_token_id`:2 for open-end generation.
      Turn 4: H=1.351, tokens=381
Setting `pad_token_id` to `eos_token_id`:2 for open-end generation.
      Turn 5: H=0.984, tokens=450
Setting `pad_token_id` to `eos_token_id`:2 for open-end generation.
      Turn 6: H=0.241, tokens=518
Setting `pad_token_id` to `eos_token_id`:2 for open-end generation.
      Turn 7: H=0.781, tokens=591

  Concentration at turn 2 (relay zone):
    L18: +0.997 (Δ=+0.001)
    L19: +0.989 (Δ=+0.056)
    L20: +0.727 (Δ=+0.154)
    L21: +0.647 (Δ=-0.003)
    L22: +0.646 (Δ=-0.164)
    L23: +0.673 (Δ=-0.233) ◄ DISRUPTED
    L24: +0.910 (Δ=-0.002)
    L25: +0.912 (Δ=-0.002)
    L26: +0.287 (Δ=-0.632) ◄ DISRUPTED
    L27: +0.919 (Δ=-0.004)
    L28: +0.926 (Δ=-0.004)
    L29: +0.929 (Δ=-0.003)
    L30: +0.923 (Δ=-0.017)
    L31: +0.916 (Δ=-0.022)
    L32: +0.093 (Δ=+0.138)

============================================================
  CONDITION: zero_attn_L28
============================================================
  Trial 1/10 (probe 0):
Setting `pad_token_id` to `eos_token_id`:2 for open-end generation.
      Turn 0: H=0.662, tokens=99
Setting `pad_token_id` to `eos_token_id`:2 for open-end generation.
      Turn 1: H=0.826, tokens=168
Setting `pad_token_id` to `eos_token_id`:2 for open-end generation.
      Turn 2: H=0.809, tokens=236
Setting `pad_token_id` to `eos_token_id`:2 for open-end generation.
      Turn 3: H=0.877, tokens=309
Setting `pad_token_id` to `eos_token_id`:2 for open-end generation.
      Turn 4: H=0.864, tokens=378
Setting `pad_token_id` to `eos_token_id`:2 for open-end generation.
      Turn 5: H=0.639, tokens=451
Setting `pad_token_id` to `eos_token_id`:2 for open-end generation.
      Turn 6: H=0.583, tokens=519
Setting `pad_token_id` to `eos_token_id`:2 for open-end generation.
      Turn 7: H=0.227, tokens=591
  Trial 2/10 (probe 1):
Setting `pad_token_id` to `eos_token_id`:2 for open-end generation.
      Turn 0: H=0.798, tokens=101
Setting `pad_token_id` to `eos_token_id`:2 for open-end generation.
      Turn 1: H=0.946, tokens=170
Setting `pad_token_id` to `eos_token_id`:2 for open-end generation.
      Turn 2: H=1.054, tokens=243
Setting `pad_token_id` to `eos_token_id`:2 for open-end generation.
      Turn 3: H=0.255, tokens=312
Setting `pad_token_id` to `eos_token_id`:2 for open-end generation.
      Turn 4: H=0.588, tokens=385
Setting `pad_token_id` to `eos_token_id`:2 for open-end generation.
      Turn 5: H=0.207, tokens=453
Setting `pad_token_id` to `eos_token_id`:2 for open-end generation.
      Turn 6: H=0.638, tokens=525
Setting `pad_token_id` to `eos_token_id`:2 for open-end generation.
      Turn 7: H=0.835, tokens=593
  Trial 3/10 (probe 2):
Setting `pad_token_id` to `eos_token_id`:2 for open-end generation.
      Turn 0: H=0.808, tokens=99
Setting `pad_token_id` to `eos_token_id`:2 for open-end generation.
      Turn 1: H=0.717, tokens=172
Setting `pad_token_id` to `eos_token_id`:2 for open-end generation.
      Turn 2: H=0.901, tokens=241
Setting `pad_token_id` to `eos_token_id`:2 for open-end generation.
      Turn 3: H=0.876, tokens=314
Setting `pad_token_id` to `eos_token_id`:2 for open-end generation.
      Turn 4: H=0.288, tokens=382
Setting `pad_token_id` to `eos_token_id`:2 for open-end generation.
      Turn 5: H=0.296, tokens=454
Setting `pad_token_id` to `eos_token_id`:2 for open-end generation.
      Turn 6: H=0.921, tokens=522
Setting `pad_token_id` to `eos_token_id`:2 for open-end generation.
      Turn 7: H=0.602, tokens=591
  Trial 4/10 (probe 3):
Setting `pad_token_id` to `eos_token_id`:2 for open-end generation.
      Turn 0: H=0.708, tokens=100
Setting `pad_token_id` to `eos_token_id`:2 for open-end generation.
      Turn 1: H=1.210, tokens=169
Setting `pad_token_id` to `eos_token_id`:2 for open-end generation.
      Turn 2: H=1.036, tokens=242
Setting `pad_token_id` to `eos_token_id`:2 for open-end generation.
      Turn 3: H=1.001, tokens=310
Setting `pad_token_id` to `eos_token_id`:2 for open-end generation.
      Turn 4: H=0.604, tokens=382
Setting `pad_token_id` to `eos_token_id`:2 for open-end generation.
      Turn 5: H=1.022, tokens=450
Setting `pad_token_id` to `eos_token_id`:2 for open-end generation.
      Turn 6: H=0.224, tokens=519
Setting `pad_token_id` to `eos_token_id`:2 for open-end generation.
      Turn 7: H=0.072, tokens=587
  Trial 5/10 (probe 4):
Setting `pad_token_id` to `eos_token_id`:2 for open-end generation.
      Turn 0: H=0.812, tokens=100
Setting `pad_token_id` to `eos_token_id`:2 for open-end generation.
      Turn 1: H=0.802, tokens=173
Setting `pad_token_id` to `eos_token_id`:2 for open-end generation.
      Turn 2: H=0.875, tokens=240
Setting `pad_token_id` to `eos_token_id`:2 for open-end generation.
      Turn 3: H=1.009, tokens=312
Setting `pad_token_id` to `eos_token_id`:2 for open-end generation.
      Turn 4: H=1.078, tokens=380
Setting `pad_token_id` to `eos_token_id`:2 for open-end generation.
      Turn 5: H=0.821, tokens=449
Setting `pad_token_id` to `eos_token_id`:2 for open-end generation.
      Turn 6: H=0.215, tokens=517
Setting `pad_token_id` to `eos_token_id`:2 for open-end generation.
      Turn 7: H=0.927, tokens=590
  Trial 6/10 (probe 0):
Setting `pad_token_id` to `eos_token_id`:2 for open-end generation.
      Turn 0: H=0.662, tokens=99
Setting `pad_token_id` to `eos_token_id`:2 for open-end generation.
      Turn 1: H=0.826, tokens=168
Setting `pad_token_id` to `eos_token_id`:2 for open-end generation.
      Turn 2: H=0.809, tokens=236
Setting `pad_token_id` to `eos_token_id`:2 for open-end generation.
      Turn 3: H=0.877, tokens=309
Setting `pad_token_id` to `eos_token_id`:2 for open-end generation.
      Turn 4: H=0.864, tokens=378
Setting `pad_token_id` to `eos_token_id`:2 for open-end generation.
      Turn 5: H=0.639, tokens=451
Setting `pad_token_id` to `eos_token_id`:2 for open-end generation.
      Turn 6: H=0.583, tokens=519
Setting `pad_token_id` to `eos_token_id`:2 for open-end generation.
      Turn 7: H=0.227, tokens=591
  Trial 7/10 (probe 1):
Setting `pad_token_id` to `eos_token_id`:2 for open-end generation.
      Turn 0: H=0.798, tokens=101
Setting `pad_token_id` to `eos_token_id`:2 for open-end generation.
      Turn 1: H=0.946, tokens=170
Setting `pad_token_id` to `eos_token_id`:2 for open-end generation.
      Turn 2: H=1.054, tokens=243
Setting `pad_token_id` to `eos_token_id`:2 for open-end generation.
      Turn 3: H=0.255, tokens=312
Setting `pad_token_id` to `eos_token_id`:2 for open-end generation.
      Turn 4: H=0.588, tokens=385
Setting `pad_token_id` to `eos_token_id`:2 for open-end generation.
      Turn 5: H=0.207, tokens=453
Setting `pad_token_id` to `eos_token_id`:2 for open-end generation.
      Turn 6: H=0.638, tokens=525
Setting `pad_token_id` to `eos_token_id`:2 for open-end generation.
      Turn 7: H=0.835, tokens=593
  Trial 8/10 (probe 2):
Setting `pad_token_id` to `eos_token_id`:2 for open-end generation.
      Turn 0: H=0.808, tokens=99
Setting `pad_token_id` to `eos_token_id`:2 for open-end generation.
      Turn 1: H=0.717, tokens=172
Setting `pad_token_id` to `eos_token_id`:2 for open-end generation.
      Turn 2: H=0.901, tokens=241
Setting `pad_token_id` to `eos_token_id`:2 for open-end generation.
      Turn 3: H=0.876, tokens=314
Setting `pad_token_id` to `eos_token_id`:2 for open-end generation.
      Turn 4: H=0.288, tokens=382
Setting `pad_token_id` to `eos_token_id`:2 for open-end generation.
      Turn 5: H=0.296, tokens=454
Setting `pad_token_id` to `eos_token_id`:2 for open-end generation.
      Turn 6: H=0.921, tokens=522
Setting `pad_token_id` to `eos_token_id`:2 for open-end generation.
      Turn 7: H=0.602, tokens=591
  Trial 9/10 (probe 3):
Setting `pad_token_id` to `eos_token_id`:2 for open-end generation.
      Turn 0: H=0.708, tokens=100
Setting `pad_token_id` to `eos_token_id`:2 for open-end generation.
      Turn 1: H=1.210, tokens=169
Setting `pad_token_id` to `eos_token_id`:2 for open-end generation.
      Turn 2: H=1.036, tokens=242
Setting `pad_token_id` to `eos_token_id`:2 for open-end generation.
      Turn 3: H=1.001, tokens=310
Setting `pad_token_id` to `eos_token_id`:2 for open-end generation.
      Turn 4: H=0.604, tokens=382
Setting `pad_token_id` to `eos_token_id`:2 for open-end generation.
      Turn 5: H=1.022, tokens=450
Setting `pad_token_id` to `eos_token_id`:2 for open-end generation.
      Turn 6: H=0.224, tokens=519
Setting `pad_token_id` to `eos_token_id`:2 for open-end generation.
      Turn 7: H=0.072, tokens=587
  Trial 10/10 (probe 4):
Setting `pad_token_id` to `eos_token_id`:2 for open-end generation.
      Turn 0: H=0.812, tokens=100
Setting `pad_token_id` to `eos_token_id`:2 for open-end generation.
      Turn 1: H=0.802, tokens=173
Setting `pad_token_id` to `eos_token_id`:2 for open-end generation.
      Turn 2: H=0.875, tokens=240
Setting `pad_token_id` to `eos_token_id`:2 for open-end generation.
      Turn 3: H=1.009, tokens=312
Setting `pad_token_id` to `eos_token_id`:2 for open-end generation.
      Turn 4: H=1.078, tokens=380
Setting `pad_token_id` to `eos_token_id`:2 for open-end generation.
      Turn 5: H=0.821, tokens=449
Setting `pad_token_id` to `eos_token_id`:2 for open-end generation.
      Turn 6: H=0.215, tokens=517
Setting `pad_token_id` to `eos_token_id`:2 for open-end generation.
      Turn 7: H=0.927, tokens=590

  Concentration at turn 2 (relay zone):
    L18: +0.998 (Δ=+0.002)
    L19: +0.992 (Δ=+0.058)
    L20: +0.716 (Δ=+0.143)
    L21: +0.604 (Δ=-0.047)
    L22: +0.922 (Δ=+0.112)
    L23: +0.931 (Δ=+0.024)
    L24: +0.934 (Δ=+0.022)
    L25: +0.936 (Δ=+0.022)
    L26: +0.939 (Δ=+0.019)
    L27: +0.941 (Δ=+0.018)
    L28: +0.946 (Δ=+0.016)
    L29: +0.946 (Δ=+0.013)
    L30: +0.953 (Δ=+0.012)
    L31: +0.956 (Δ=+0.017)
    L32: -0.061 (Δ=-0.017)

============================================================
  CONDITION: zero_mlp_L29
============================================================
  Trial 1/10 (probe 0):
Setting `pad_token_id` to `eos_token_id`:2 for open-end generation.
      Turn 0: H=0.866, tokens=99
Setting `pad_token_id` to `eos_token_id`:2 for open-end generation.
      Turn 1: H=0.777, tokens=168
Setting `pad_token_id` to `eos_token_id`:2 for open-end generation.
      Turn 2: H=0.894, tokens=235
Setting `pad_token_id` to `eos_token_id`:2 for open-end generation.
      Turn 3: H=0.279, tokens=308
Setting `pad_token_id` to `eos_token_id`:2 for open-end generation.
      Turn 4: H=0.240, tokens=376
Setting `pad_token_id` to `eos_token_id`:2 for open-end generation.
      Turn 5: H=0.423, tokens=449
Setting `pad_token_id` to `eos_token_id`:2 for open-end generation.
      Turn 6: H=0.142, tokens=517
Setting `pad_token_id` to `eos_token_id`:2 for open-end generation.
      Turn 7: H=0.177, tokens=589
  Trial 2/10 (probe 1):
Setting `pad_token_id` to `eos_token_id`:2 for open-end generation.
      Turn 0: H=0.721, tokens=101
Setting `pad_token_id` to `eos_token_id`:2 for open-end generation.
      Turn 1: H=0.837, tokens=170
Setting `pad_token_id` to `eos_token_id`:2 for open-end generation.
      Turn 2: H=0.976, tokens=243
Setting `pad_token_id` to `eos_token_id`:2 for open-end generation.
      Turn 3: H=0.440, tokens=312
Setting `pad_token_id` to `eos_token_id`:2 for open-end generation.
      Turn 4: H=0.444, tokens=385
Setting `pad_token_id` to `eos_token_id`:2 for open-end generation.
      Turn 5: H=0.553, tokens=453
Setting `pad_token_id` to `eos_token_id`:2 for open-end generation.
      Turn 6: H=0.701, tokens=525
Setting `pad_token_id` to `eos_token_id`:2 for open-end generation.
      Turn 7: H=0.836, tokens=593
  Trial 3/10 (probe 2):
Setting `pad_token_id` to `eos_token_id`:2 for open-end generation.
      Turn 0: H=0.865, tokens=99
Setting `pad_token_id` to `eos_token_id`:2 for open-end generation.
      Turn 1: H=0.623, tokens=172
Setting `pad_token_id` to `eos_token_id`:2 for open-end generation.
      Turn 2: H=0.974, tokens=241
Setting `pad_token_id` to `eos_token_id`:2 for open-end generation.
      Turn 3: H=0.670, tokens=314
Setting `pad_token_id` to `eos_token_id`:2 for open-end generation.
      Turn 4: H=0.355, tokens=382
Setting `pad_token_id` to `eos_token_id`:2 for open-end generation.
      Turn 5: H=0.524, tokens=454
Setting `pad_token_id` to `eos_token_id`:2 for open-end generation.
      Turn 6: H=0.374, tokens=522
Setting `pad_token_id` to `eos_token_id`:2 for open-end generation.
      Turn 7: H=0.395, tokens=591
  Trial 4/10 (probe 3):
Setting `pad_token_id` to `eos_token_id`:2 for open-end generation.
      Turn 0: H=0.661, tokens=100
Setting `pad_token_id` to `eos_token_id`:2 for open-end generation.
      Turn 1: H=1.031, tokens=169
Setting `pad_token_id` to `eos_token_id`:2 for open-end generation.
      Turn 2: H=0.867, tokens=242
Setting `pad_token_id` to `eos_token_id`:2 for open-end generation.
      Turn 3: H=0.850, tokens=310
Setting `pad_token_id` to `eos_token_id`:2 for open-end generation.
      Turn 4: H=0.809, tokens=382
Setting `pad_token_id` to `eos_token_id`:2 for open-end generation.
      Turn 5: H=0.904, tokens=450
Setting `pad_token_id` to `eos_token_id`:2 for open-end generation.
      Turn 6: H=0.381, tokens=519
Setting `pad_token_id` to `eos_token_id`:2 for open-end generation.
      Turn 7: H=0.063, tokens=587
  Trial 5/10 (probe 4):
Setting `pad_token_id` to `eos_token_id`:2 for open-end generation.
      Turn 0: H=0.936, tokens=100
Setting `pad_token_id` to `eos_token_id`:2 for open-end generation.
      Turn 1: H=1.018, tokens=173
Setting `pad_token_id` to `eos_token_id`:2 for open-end generation.
      Turn 2: H=0.802, tokens=241
Setting `pad_token_id` to `eos_token_id`:2 for open-end generation.
      Turn 3: H=0.634, tokens=313
Setting `pad_token_id` to `eos_token_id`:2 for open-end generation.
      Turn 4: H=0.144, tokens=381
Setting `pad_token_id` to `eos_token_id`:2 for open-end generation.
      Turn 5: H=0.177, tokens=450
Setting `pad_token_id` to `eos_token_id`:2 for open-end generation.
      Turn 6: H=0.205, tokens=518
Setting `pad_token_id` to `eos_token_id`:2 for open-end generation.
      Turn 7: H=0.509, tokens=591
  Trial 6/10 (probe 0):
Setting `pad_token_id` to `eos_token_id`:2 for open-end generation.
      Turn 0: H=0.866, tokens=99
Setting `pad_token_id` to `eos_token_id`:2 for open-end generation.
      Turn 1: H=0.777, tokens=168
Setting `pad_token_id` to `eos_token_id`:2 for open-end generation.
      Turn 2: H=0.894, tokens=235
Setting `pad_token_id` to `eos_token_id`:2 for open-end generation.
      Turn 3: H=0.279, tokens=308
Setting `pad_token_id` to `eos_token_id`:2 for open-end generation.
      Turn 4: H=0.240, tokens=376
Setting `pad_token_id` to `eos_token_id`:2 for open-end generation.
      Turn 5: H=0.423, tokens=449
Setting `pad_token_id` to `eos_token_id`:2 for open-end generation.
      Turn 6: H=0.142, tokens=517
Setting `pad_token_id` to `eos_token_id`:2 for open-end generation.
      Turn 7: H=0.177, tokens=589
  Trial 7/10 (probe 1):
Setting `pad_token_id` to `eos_token_id`:2 for open-end generation.
      Turn 0: H=0.721, tokens=101
Setting `pad_token_id` to `eos_token_id`:2 for open-end generation.
      Turn 1: H=0.837, tokens=170
Setting `pad_token_id` to `eos_token_id`:2 for open-end generation.
      Turn 2: H=0.976, tokens=243
Setting `pad_token_id` to `eos_token_id`:2 for open-end generation.
      Turn 3: H=0.440, tokens=312
Setting `pad_token_id` to `eos_token_id`:2 for open-end generation.
      Turn 4: H=0.444, tokens=385
Setting `pad_token_id` to `eos_token_id`:2 for open-end generation.
      Turn 5: H=0.553, tokens=453
Setting `pad_token_id` to `eos_token_id`:2 for open-end generation.
      Turn 6: H=0.701, tokens=525
Setting `pad_token_id` to `eos_token_id`:2 for open-end generation.
      Turn 7: H=0.836, tokens=593
  Trial 8/10 (probe 2):
Setting `pad_token_id` to `eos_token_id`:2 for open-end generation.
      Turn 0: H=0.865, tokens=99
Setting `pad_token_id` to `eos_token_id`:2 for open-end generation.
      Turn 1: H=0.623, tokens=172
Setting `pad_token_id` to `eos_token_id`:2 for open-end generation.
      Turn 2: H=0.974, tokens=241
Setting `pad_token_id` to `eos_token_id`:2 for open-end generation.
      Turn 3: H=0.670, tokens=314
Setting `pad_token_id` to `eos_token_id`:2 for open-end generation.
      Turn 4: H=0.355, tokens=382
Setting `pad_token_id` to `eos_token_id`:2 for open-end generation.
      Turn 5: H=0.524, tokens=454
Setting `pad_token_id` to `eos_token_id`:2 for open-end generation.
      Turn 6: H=0.374, tokens=522
Setting `pad_token_id` to `eos_token_id`:2 for open-end generation.
      Turn 7: H=0.395, tokens=591
  Trial 9/10 (probe 3):
Setting `pad_token_id` to `eos_token_id`:2 for open-end generation.
      Turn 0: H=0.661, tokens=100
Setting `pad_token_id` to `eos_token_id`:2 for open-end generation.
      Turn 1: H=1.031, tokens=169
Setting `pad_token_id` to `eos_token_id`:2 for open-end generation.
      Turn 2: H=0.867, tokens=242
Setting `pad_token_id` to `eos_token_id`:2 for open-end generation.
      Turn 3: H=0.850, tokens=310
Setting `pad_token_id` to `eos_token_id`:2 for open-end generation.
      Turn 4: H=0.809, tokens=382
Setting `pad_token_id` to `eos_token_id`:2 for open-end generation.
      Turn 5: H=0.904, tokens=450
Setting `pad_token_id` to `eos_token_id`:2 for open-end generation.
      Turn 6: H=0.381, tokens=519
Setting `pad_token_id` to `eos_token_id`:2 for open-end generation.
      Turn 7: H=0.063, tokens=587
  Trial 10/10 (probe 4):
Setting `pad_token_id` to `eos_token_id`:2 for open-end generation.
      Turn 0: H=0.936, tokens=100
Setting `pad_token_id` to `eos_token_id`:2 for open-end generation.
      Turn 1: H=1.018, tokens=173
Setting `pad_token_id` to `eos_token_id`:2 for open-end generation.
      Turn 2: H=0.802, tokens=241
Setting `pad_token_id` to `eos_token_id`:2 for open-end generation.
      Turn 3: H=0.634, tokens=313
Setting `pad_token_id` to `eos_token_id`:2 for open-end generation.
      Turn 4: H=0.144, tokens=381
Setting `pad_token_id` to `eos_token_id`:2 for open-end generation.
      Turn 5: H=0.177, tokens=450
Setting `pad_token_id` to `eos_token_id`:2 for open-end generation.
      Turn 6: H=0.205, tokens=518
Setting `pad_token_id` to `eos_token_id`:2 for open-end generation.
      Turn 7: H=0.509, tokens=591

  Concentration at turn 2 (relay zone):
    L18: +0.996 (Δ=+0.000)
    L19: +0.886 (Δ=-0.048)
    L20: +0.637 (Δ=+0.064)
    L21: +0.635 (Δ=-0.015)
    L22: +0.812 (Δ=+0.002)
    L23: +0.918 (Δ=+0.011)
    L24: +0.922 (Δ=+0.010)
    L25: +0.923 (Δ=+0.008)
    L26: +0.927 (Δ=+0.008)
    L27: +0.931 (Δ=+0.008)
    L28: +0.936 (Δ=+0.006)
    L29: +0.938 (Δ=+0.006)
    L30: +0.946 (Δ=+0.005)
    L31: +0.905 (Δ=-0.033)
    L32: +0.252 (Δ=+0.296) ◄ DISRUPTED

============================================================
  CONDITION: zero_attn_L29
============================================================
  Trial 1/10 (probe 0):
Setting `pad_token_id` to `eos_token_id`:2 for open-end generation.
      Turn 0: H=0.547, tokens=99
Setting `pad_token_id` to `eos_token_id`:2 for open-end generation.
      Turn 1: H=0.752, tokens=168
Setting `pad_token_id` to `eos_token_id`:2 for open-end generation.
      Turn 2: H=0.793, tokens=236
Setting `pad_token_id` to `eos_token_id`:2 for open-end generation.
      Turn 3: H=0.619, tokens=309
Setting `pad_token_id` to `eos_token_id`:2 for open-end generation.
      Turn 4: H=0.307, tokens=378
Setting `pad_token_id` to `eos_token_id`:2 for open-end generation.
      Turn 5: H=0.233, tokens=451
Setting `pad_token_id` to `eos_token_id`:2 for open-end generation.
      Turn 6: H=0.184, tokens=519
Setting `pad_token_id` to `eos_token_id`:2 for open-end generation.
      Turn 7: H=0.295, tokens=591
  Trial 2/10 (probe 1):
Setting `pad_token_id` to `eos_token_id`:2 for open-end generation.
      Turn 0: H=0.649, tokens=101
Setting `pad_token_id` to `eos_token_id`:2 for open-end generation.
      Turn 1: H=0.859, tokens=170
Setting `pad_token_id` to `eos_token_id`:2 for open-end generation.
      Turn 2: H=1.073, tokens=243
Setting `pad_token_id` to `eos_token_id`:2 for open-end generation.
      Turn 3: H=0.636, tokens=310
Setting `pad_token_id` to `eos_token_id`:2 for open-end generation.
      Turn 4: H=0.913, tokens=383
Setting `pad_token_id` to `eos_token_id`:2 for open-end generation.
      Turn 5: H=0.758, tokens=451
Setting `pad_token_id` to `eos_token_id`:2 for open-end generation.
      Turn 6: H=0.588, tokens=523
Setting `pad_token_id` to `eos_token_id`:2 for open-end generation.
      Turn 7: H=0.670, tokens=590
  Trial 3/10 (probe 2):
Setting `pad_token_id` to `eos_token_id`:2 for open-end generation.
      Turn 0: H=0.831, tokens=99
Setting `pad_token_id` to `eos_token_id`:2 for open-end generation.
      Turn 1: H=0.763, tokens=172
Setting `pad_token_id` to `eos_token_id`:2 for open-end generation.
      Turn 2: H=1.058, tokens=241
Setting `pad_token_id` to `eos_token_id`:2 for open-end generation.
      Turn 3: H=0.666, tokens=314
Setting `pad_token_id` to `eos_token_id`:2 for open-end generation.
      Turn 4: H=0.566, tokens=382
Setting `pad_token_id` to `eos_token_id`:2 for open-end generation.
      Turn 5: H=0.601, tokens=454
Setting `pad_token_id` to `eos_token_id`:2 for open-end generation.
      Turn 6: H=0.511, tokens=522
Setting `pad_token_id` to `eos_token_id`:2 for open-end generation.
      Turn 7: H=0.305, tokens=591
  Trial 4/10 (probe 3):
Setting `pad_token_id` to `eos_token_id`:2 for open-end generation.
      Turn 0: H=0.556, tokens=100
Setting `pad_token_id` to `eos_token_id`:2 for open-end generation.
      Turn 1: H=0.944, tokens=169
Setting `pad_token_id` to `eos_token_id`:2 for open-end generation.
      Turn 2: H=0.697, tokens=242
Setting `pad_token_id` to `eos_token_id`:2 for open-end generation.
      Turn 3: H=0.792, tokens=310
Setting `pad_token_id` to `eos_token_id`:2 for open-end generation.
      Turn 4: H=0.876, tokens=382
Setting `pad_token_id` to `eos_token_id`:2 for open-end generation.
      Turn 5: H=0.689, tokens=450
Setting `pad_token_id` to `eos_token_id`:2 for open-end generation.
      Turn 6: H=0.299, tokens=519
Setting `pad_token_id` to `eos_token_id`:2 for open-end generation.
      Turn 7: H=0.055, tokens=587
  Trial 5/10 (probe 4):
Setting `pad_token_id` to `eos_token_id`:2 for open-end generation.
      Turn 0: H=0.793, tokens=100
Setting `pad_token_id` to `eos_token_id`:2 for open-end generation.
      Turn 1: H=0.736, tokens=173
Setting `pad_token_id` to `eos_token_id`:2 for open-end generation.
      Turn 2: H=1.026, tokens=241
Setting `pad_token_id` to `eos_token_id`:2 for open-end generation.
      Turn 3: H=0.874, tokens=311
Setting `pad_token_id` to `eos_token_id`:2 for open-end generation.
      Turn 4: H=0.835, tokens=379
Setting `pad_token_id` to `eos_token_id`:2 for open-end generation.
      Turn 5: H=0.391, tokens=448
Setting `pad_token_id` to `eos_token_id`:2 for open-end generation.
      Turn 6: H=0.151, tokens=516
Setting `pad_token_id` to `eos_token_id`:2 for open-end generation.
      Turn 7: H=0.638, tokens=589
  Trial 6/10 (probe 0):
Setting `pad_token_id` to `eos_token_id`:2 for open-end generation.
      Turn 0: H=0.547, tokens=99
Setting `pad_token_id` to `eos_token_id`:2 for open-end generation.
      Turn 1: H=0.752, tokens=168
Setting `pad_token_id` to `eos_token_id`:2 for open-end generation.
      Turn 2: H=0.793, tokens=236
Setting `pad_token_id` to `eos_token_id`:2 for open-end generation.
      Turn 3: H=0.619, tokens=309
Setting `pad_token_id` to `eos_token_id`:2 for open-end generation.
      Turn 4: H=0.307, tokens=378
Setting `pad_token_id` to `eos_token_id`:2 for open-end generation.
      Turn 5: H=0.233, tokens=451
Setting `pad_token_id` to `eos_token_id`:2 for open-end generation.
      Turn 6: H=0.184, tokens=519
Setting `pad_token_id` to `eos_token_id`:2 for open-end generation.
      Turn 7: H=0.295, tokens=591
  Trial 7/10 (probe 1):
Setting `pad_token_id` to `eos_token_id`:2 for open-end generation.
      Turn 0: H=0.649, tokens=101
Setting `pad_token_id` to `eos_token_id`:2 for open-end generation.
      Turn 1: H=0.859, tokens=170
Setting `pad_token_id` to `eos_token_id`:2 for open-end generation.
      Turn 2: H=1.073, tokens=243
Setting `pad_token_id` to `eos_token_id`:2 for open-end generation.
      Turn 3: H=0.636, tokens=310
Setting `pad_token_id` to `eos_token_id`:2 for open-end generation.
      Turn 4: H=0.913, tokens=383
Setting `pad_token_id` to `eos_token_id`:2 for open-end generation.
      Turn 5: H=0.758, tokens=451
Setting `pad_token_id` to `eos_token_id`:2 for open-end generation.
      Turn 6: H=0.588, tokens=523
Setting `pad_token_id` to `eos_token_id`:2 for open-end generation.
      Turn 7: H=0.670, tokens=590
  Trial 8/10 (probe 2):
Setting `pad_token_id` to `eos_token_id`:2 for open-end generation.
      Turn 0: H=0.831, tokens=99
Setting `pad_token_id` to `eos_token_id`:2 for open-end generation.
      Turn 1: H=0.763, tokens=172
Setting `pad_token_id` to `eos_token_id`:2 for open-end generation.
      Turn 2: H=1.058, tokens=241
Setting `pad_token_id` to `eos_token_id`:2 for open-end generation.
      Turn 3: H=0.666, tokens=314
Setting `pad_token_id` to `eos_token_id`:2 for open-end generation.
      Turn 4: H=0.566, tokens=382
Setting `pad_token_id` to `eos_token_id`:2 for open-end generation.
      Turn 5: H=0.601, tokens=454
Setting `pad_token_id` to `eos_token_id`:2 for open-end generation.
      Turn 6: H=0.511, tokens=522
Setting `pad_token_id` to `eos_token_id`:2 for open-end generation.
      Turn 7: H=0.305, tokens=591
  Trial 9/10 (probe 3):
Setting `pad_token_id` to `eos_token_id`:2 for open-end generation.
      Turn 0: H=0.556, tokens=100
Setting `pad_token_id` to `eos_token_id`:2 for open-end generation.
      Turn 1: H=0.944, tokens=169
Setting `pad_token_id` to `eos_token_id`:2 for open-end generation.
      Turn 2: H=0.697, tokens=242
Setting `pad_token_id` to `eos_token_id`:2 for open-end generation.
      Turn 3: H=0.792, tokens=310
Setting `pad_token_id` to `eos_token_id`:2 for open-end generation.
      Turn 4: H=0.876, tokens=382
Setting `pad_token_id` to `eos_token_id`:2 for open-end generation.
      Turn 5: H=0.689, tokens=450
Setting `pad_token_id` to `eos_token_id`:2 for open-end generation.
      Turn 6: H=0.299, tokens=519
Setting `pad_token_id` to `eos_token_id`:2 for open-end generation.
      Turn 7: H=0.055, tokens=587
  Trial 10/10 (probe 4):
Setting `pad_token_id` to `eos_token_id`:2 for open-end generation.
      Turn 0: H=0.793, tokens=100
Setting `pad_token_id` to `eos_token_id`:2 for open-end generation.
      Turn 1: H=0.736, tokens=173
Setting `pad_token_id` to `eos_token_id`:2 for open-end generation.
      Turn 2: H=1.026, tokens=241
Setting `pad_token_id` to `eos_token_id`:2 for open-end generation.
      Turn 3: H=0.874, tokens=311
Setting `pad_token_id` to `eos_token_id`:2 for open-end generation.
      Turn 4: H=0.835, tokens=379
Setting `pad_token_id` to `eos_token_id`:2 for open-end generation.
      Turn 5: H=0.391, tokens=448
Setting `pad_token_id` to `eos_token_id`:2 for open-end generation.
      Turn 6: H=0.151, tokens=516
Setting `pad_token_id` to `eos_token_id`:2 for open-end generation.
      Turn 7: H=0.638, tokens=589

  Concentration at turn 2 (relay zone):
    L18: +0.998 (Δ=+0.002)
    L19: +0.997 (Δ=+0.063)
    L20: +0.774 (Δ=+0.201) ◄ DISRUPTED
    L21: +0.552 (Δ=-0.098)
    L22: +0.709 (Δ=-0.102)
    L23: +0.911 (Δ=+0.004)
    L24: +0.916 (Δ=+0.004)
    L25: +0.918 (Δ=+0.004)
    L26: +0.923 (Δ=+0.003)
    L27: +0.926 (Δ=+0.003)
    L28: +0.932 (Δ=+0.002)
    L29: +0.934 (Δ=+0.002)
    L30: +0.936 (Δ=-0.004)
    L31: +0.938 (Δ=-0.000)
    L32: +0.162 (Δ=+0.206) ◄ DISRUPTED

============================================================
  CONDITION: zero_mlp_L30
============================================================
  Trial 1/10 (probe 0):
Setting `pad_token_id` to `eos_token_id`:2 for open-end generation.
      Turn 0: H=0.908, tokens=99
Setting `pad_token_id` to `eos_token_id`:2 for open-end generation.
      Turn 1: H=0.711, tokens=168
Setting `pad_token_id` to `eos_token_id`:2 for open-end generation.
      Turn 2: H=1.007, tokens=236
Setting `pad_token_id` to `eos_token_id`:2 for open-end generation.
      Turn 3: H=0.699, tokens=309
Setting `pad_token_id` to `eos_token_id`:2 for open-end generation.
      Turn 4: H=0.780, tokens=378
Setting `pad_token_id` to `eos_token_id`:2 for open-end generation.
      Turn 5: H=0.458, tokens=451
Setting `pad_token_id` to `eos_token_id`:2 for open-end generation.
      Turn 6: H=0.510, tokens=519
Setting `pad_token_id` to `eos_token_id`:2 for open-end generation.
      Turn 7: H=0.488, tokens=591
  Trial 2/10 (probe 1):
Setting `pad_token_id` to `eos_token_id`:2 for open-end generation.
      Turn 0: H=0.745, tokens=101
Setting `pad_token_id` to `eos_token_id`:2 for open-end generation.
      Turn 1: H=1.142, tokens=170
Setting `pad_token_id` to `eos_token_id`:2 for open-end generation.
      Turn 2: H=0.719, tokens=243
Setting `pad_token_id` to `eos_token_id`:2 for open-end generation.
      Turn 3: H=0.971, tokens=312
Setting `pad_token_id` to `eos_token_id`:2 for open-end generation.
      Turn 4: H=0.688, tokens=385
Setting `pad_token_id` to `eos_token_id`:2 for open-end generation.
      Turn 5: H=0.632, tokens=453
Setting `pad_token_id` to `eos_token_id`:2 for open-end generation.
      Turn 6: H=0.734, tokens=524
Setting `pad_token_id` to `eos_token_id`:2 for open-end generation.
      Turn 7: H=0.432, tokens=590
  Trial 3/10 (probe 2):
Setting `pad_token_id` to `eos_token_id`:2 for open-end generation.
      Turn 0: H=0.934, tokens=99
Setting `pad_token_id` to `eos_token_id`:2 for open-end generation.
      Turn 1: H=1.117, tokens=172
Setting `pad_token_id` to `eos_token_id`:2 for open-end generation.
      Turn 2: H=0.998, tokens=241
Setting `pad_token_id` to `eos_token_id`:2 for open-end generation.
      Turn 3: H=0.718, tokens=314
Setting `pad_token_id` to `eos_token_id`:2 for open-end generation.
      Turn 4: H=0.307, tokens=382
Setting `pad_token_id` to `eos_token_id`:2 for open-end generation.
      Turn 5: H=0.783, tokens=454
Setting `pad_token_id` to `eos_token_id`:2 for open-end generation.
      Turn 6: H=0.649, tokens=522
Setting `pad_token_id` to `eos_token_id`:2 for open-end generation.
      Turn 7: H=0.616, tokens=591
  Trial 4/10 (probe 3):
Setting `pad_token_id` to `eos_token_id`:2 for open-end generation.
      Turn 0: H=0.675, tokens=100
Setting `pad_token_id` to `eos_token_id`:2 for open-end generation.
      Turn 1: H=0.993, tokens=169
Setting `pad_token_id` to `eos_token_id`:2 for open-end generation.
      Turn 2: H=0.575, tokens=242
Setting `pad_token_id` to `eos_token_id`:2 for open-end generation.
      Turn 3: H=1.071, tokens=310
Setting `pad_token_id` to `eos_token_id`:2 for open-end generation.
      Turn 4: H=0.576, tokens=382
Setting `pad_token_id` to `eos_token_id`:2 for open-end generation.
      Turn 5: H=0.667, tokens=450
Setting `pad_token_id` to `eos_token_id`:2 for open-end generation.
      Turn 6: H=0.499, tokens=519
Setting `pad_token_id` to `eos_token_id`:2 for open-end generation.
      Turn 7: H=0.117, tokens=587
  Trial 5/10 (probe 4):
Setting `pad_token_id` to `eos_token_id`:2 for open-end generation.
      Turn 0: H=0.798, tokens=100
Setting `pad_token_id` to `eos_token_id`:2 for open-end generation.
      Turn 1: H=0.755, tokens=173
Setting `pad_token_id` to `eos_token_id`:2 for open-end generation.
      Turn 2: H=0.849, tokens=241
Setting `pad_token_id` to `eos_token_id`:2 for open-end generation.
      Turn 3: H=0.968, tokens=313
Setting `pad_token_id` to `eos_token_id`:2 for open-end generation.
      Turn 4: H=0.989, tokens=381
Setting `pad_token_id` to `eos_token_id`:2 for open-end generation.
      Turn 5: H=0.273, tokens=450
Setting `pad_token_id` to `eos_token_id`:2 for open-end generation.
      Turn 6: H=0.091, tokens=518
Setting `pad_token_id` to `eos_token_id`:2 for open-end generation.
      Turn 7: H=0.410, tokens=591
  Trial 6/10 (probe 0):
Setting `pad_token_id` to `eos_token_id`:2 for open-end generation.
      Turn 0: H=0.908, tokens=99
Setting `pad_token_id` to `eos_token_id`:2 for open-end generation.
      Turn 1: H=0.711, tokens=168
Setting `pad_token_id` to `eos_token_id`:2 for open-end generation.
      Turn 2: H=1.007, tokens=236
Setting `pad_token_id` to `eos_token_id`:2 for open-end generation.
      Turn 3: H=0.699, tokens=309
Setting `pad_token_id` to `eos_token_id`:2 for open-end generation.
      Turn 4: H=0.780, tokens=378
Setting `pad_token_id` to `eos_token_id`:2 for open-end generation.
      Turn 5: H=0.458, tokens=451
Setting `pad_token_id` to `eos_token_id`:2 for open-end generation.
      Turn 6: H=0.510, tokens=519
Setting `pad_token_id` to `eos_token_id`:2 for open-end generation.
      Turn 7: H=0.488, tokens=591
  Trial 7/10 (probe 1):
Setting `pad_token_id` to `eos_token_id`:2 for open-end generation.
      Turn 0: H=0.745, tokens=101
Setting `pad_token_id` to `eos_token_id`:2 for open-end generation.
      Turn 1: H=1.142, tokens=170
Setting `pad_token_id` to `eos_token_id`:2 for open-end generation.
      Turn 2: H=0.719, tokens=243
Setting `pad_token_id` to `eos_token_id`:2 for open-end generation.
      Turn 3: H=0.971, tokens=312
Setting `pad_token_id` to `eos_token_id`:2 for open-end generation.
      Turn 4: H=0.688, tokens=385
Setting `pad_token_id` to `eos_token_id`:2 for open-end generation.
      Turn 5: H=0.632, tokens=453
Setting `pad_token_id` to `eos_token_id`:2 for open-end generation.
      Turn 6: H=0.734, tokens=524
Setting `pad_token_id` to `eos_token_id`:2 for open-end generation.
      Turn 7: H=0.432, tokens=590
  Trial 8/10 (probe 2):
Setting `pad_token_id` to `eos_token_id`:2 for open-end generation.
      Turn 0: H=0.934, tokens=99
Setting `pad_token_id` to `eos_token_id`:2 for open-end generation.
      Turn 1: H=1.117, tokens=172
Setting `pad_token_id` to `eos_token_id`:2 for open-end generation.
      Turn 2: H=0.998, tokens=241
Setting `pad_token_id` to `eos_token_id`:2 for open-end generation.
      Turn 3: H=0.718, tokens=314
Setting `pad_token_id` to `eos_token_id`:2 for open-end generation.
      Turn 4: H=0.307, tokens=382
Setting `pad_token_id` to `eos_token_id`:2 for open-end generation.
      Turn 5: H=0.783, tokens=454
Setting `pad_token_id` to `eos_token_id`:2 for open-end generation.
      Turn 6: H=0.649, tokens=522
Setting `pad_token_id` to `eos_token_id`:2 for open-end generation.
      Turn 7: H=0.616, tokens=591
  Trial 9/10 (probe 3):
Setting `pad_token_id` to `eos_token_id`:2 for open-end generation.
      Turn 0: H=0.675, tokens=100
Setting `pad_token_id` to `eos_token_id`:2 for open-end generation.
      Turn 1: H=0.993, tokens=169
Setting `pad_token_id` to `eos_token_id`:2 for open-end generation.
      Turn 2: H=0.575, tokens=242
Setting `pad_token_id` to `eos_token_id`:2 for open-end generation.
      Turn 3: H=1.071, tokens=310
Setting `pad_token_id` to `eos_token_id`:2 for open-end generation.
      Turn 4: H=0.576, tokens=382
Setting `pad_token_id` to `eos_token_id`:2 for open-end generation.
      Turn 5: H=0.667, tokens=450
Setting `pad_token_id` to `eos_token_id`:2 for open-end generation.
      Turn 6: H=0.499, tokens=519
Setting `pad_token_id` to `eos_token_id`:2 for open-end generation.
      Turn 7: H=0.117, tokens=587
  Trial 10/10 (probe 4):
Setting `pad_token_id` to `eos_token_id`:2 for open-end generation.
      Turn 0: H=0.798, tokens=100
Setting `pad_token_id` to `eos_token_id`:2 for open-end generation.
      Turn 1: H=0.755, tokens=173
Setting `pad_token_id` to `eos_token_id`:2 for open-end generation.
      Turn 2: H=0.849, tokens=241
Setting `pad_token_id` to `eos_token_id`:2 for open-end generation.
      Turn 3: H=0.968, tokens=313
Setting `pad_token_id` to `eos_token_id`:2 for open-end generation.
      Turn 4: H=0.989, tokens=381
Setting `pad_token_id` to `eos_token_id`:2 for open-end generation.
      Turn 5: H=0.273, tokens=450
Setting `pad_token_id` to `eos_token_id`:2 for open-end generation.
      Turn 6: H=0.091, tokens=518
Setting `pad_token_id` to `eos_token_id`:2 for open-end generation.
      Turn 7: H=0.410, tokens=591

  Concentration at turn 2 (relay zone):
    L18: +0.997 (Δ=+0.002)
    L19: +0.979 (Δ=+0.046)
    L20: +0.661 (Δ=+0.088)
    L21: +0.574 (Δ=-0.076)
    L22: +0.679 (Δ=-0.131)
    L23: +0.904 (Δ=-0.003)
    L24: +0.909 (Δ=-0.002)
    L25: +0.911 (Δ=-0.003)
    L26: +0.916 (Δ=-0.003)
    L27: +0.919 (Δ=-0.004)
    L28: +0.926 (Δ=-0.004)
    L29: +0.929 (Δ=-0.003)
    L30: +0.938 (Δ=-0.003)
    L31: +0.945 (Δ=+0.007)
    L32: +0.187 (Δ=+0.232) ◄ DISRUPTED

============================================================
  CONDITION: zero_attn_L30
============================================================
  Trial 1/10 (probe 0):
Setting `pad_token_id` to `eos_token_id`:2 for open-end generation.
      Turn 0: H=0.729, tokens=99
Setting `pad_token_id` to `eos_token_id`:2 for open-end generation.
      Turn 1: H=0.802, tokens=168
Setting `pad_token_id` to `eos_token_id`:2 for open-end generation.
      Turn 2: H=0.777, tokens=235
Setting `pad_token_id` to `eos_token_id`:2 for open-end generation.
      Turn 3: H=0.549, tokens=308
Setting `pad_token_id` to `eos_token_id`:2 for open-end generation.
      Turn 4: H=0.820, tokens=377
Setting `pad_token_id` to `eos_token_id`:2 for open-end generation.
      Turn 5: H=0.738, tokens=450
Setting `pad_token_id` to `eos_token_id`:2 for open-end generation.
      Turn 6: H=0.273, tokens=518
Setting `pad_token_id` to `eos_token_id`:2 for open-end generation.
      Turn 7: H=0.649, tokens=590
  Trial 2/10 (probe 1):
Setting `pad_token_id` to `eos_token_id`:2 for open-end generation.
      Turn 0: H=0.980, tokens=101
Setting `pad_token_id` to `eos_token_id`:2 for open-end generation.
      Turn 1: H=0.937, tokens=170
Setting `pad_token_id` to `eos_token_id`:2 for open-end generation.
      Turn 2: H=1.071, tokens=243
Setting `pad_token_id` to `eos_token_id`:2 for open-end generation.
      Turn 3: H=0.869, tokens=312
Setting `pad_token_id` to `eos_token_id`:2 for open-end generation.
      Turn 4: H=0.706, tokens=385
Setting `pad_token_id` to `eos_token_id`:2 for open-end generation.
      Turn 5: H=0.978, tokens=453
Setting `pad_token_id` to `eos_token_id`:2 for open-end generation.
      Turn 6: H=0.873, tokens=525
Setting `pad_token_id` to `eos_token_id`:2 for open-end generation.
      Turn 7: H=0.683, tokens=593
  Trial 3/10 (probe 2):
Setting `pad_token_id` to `eos_token_id`:2 for open-end generation.
      Turn 0: H=0.970, tokens=99
Setting `pad_token_id` to `eos_token_id`:2 for open-end generation.
      Turn 1: H=0.545, tokens=172
Setting `pad_token_id` to `eos_token_id`:2 for open-end generation.
      Turn 2: H=0.897, tokens=241
Setting `pad_token_id` to `eos_token_id`:2 for open-end generation.
      Turn 3: H=0.873, tokens=314
Setting `pad_token_id` to `eos_token_id`:2 for open-end generation.
      Turn 4: H=0.850, tokens=382
Setting `pad_token_id` to `eos_token_id`:2 for open-end generation.
      Turn 5: H=0.645, tokens=454
Setting `pad_token_id` to `eos_token_id`:2 for open-end generation.
      Turn 6: H=0.663, tokens=522
Setting `pad_token_id` to `eos_token_id`:2 for open-end generation.
      Turn 7: H=0.397, tokens=591
  Trial 4/10 (probe 3):
Setting `pad_token_id` to `eos_token_id`:2 for open-end generation.
      Turn 0: H=0.704, tokens=100
Setting `pad_token_id` to `eos_token_id`:2 for open-end generation.
      Turn 1: H=1.448, tokens=169
Setting `pad_token_id` to `eos_token_id`:2 for open-end generation.
      Turn 2: H=0.644, tokens=242
Setting `pad_token_id` to `eos_token_id`:2 for open-end generation.
      Turn 3: H=0.713, tokens=310
Setting `pad_token_id` to `eos_token_id`:2 for open-end generation.
      Turn 4: H=0.625, tokens=382
Setting `pad_token_id` to `eos_token_id`:2 for open-end generation.
      Turn 5: H=0.973, tokens=450
Setting `pad_token_id` to `eos_token_id`:2 for open-end generation.
      Turn 6: H=0.495, tokens=519
Setting `pad_token_id` to `eos_token_id`:2 for open-end generation.
      Turn 7: H=0.108, tokens=587
  Trial 5/10 (probe 4):
Setting `pad_token_id` to `eos_token_id`:2 for open-end generation.
      Turn 0: H=0.994, tokens=100
Setting `pad_token_id` to `eos_token_id`:2 for open-end generation.
      Turn 1: H=0.816, tokens=173
Setting `pad_token_id` to `eos_token_id`:2 for open-end generation.
      Turn 2: H=0.802, tokens=241
Setting `pad_token_id` to `eos_token_id`:2 for open-end generation.
      Turn 3: H=0.549, tokens=312
Setting `pad_token_id` to `eos_token_id`:2 for open-end generation.
      Turn 4: H=0.725, tokens=380
Setting `pad_token_id` to `eos_token_id`:2 for open-end generation.
      Turn 5: H=0.284, tokens=449
Setting `pad_token_id` to `eos_token_id`:2 for open-end generation.
      Turn 6: H=0.100, tokens=516
Setting `pad_token_id` to `eos_token_id`:2 for open-end generation.
      Turn 7: H=0.615, tokens=589
  Trial 6/10 (probe 0):
Setting `pad_token_id` to `eos_token_id`:2 for open-end generation.
      Turn 0: H=0.729, tokens=99
Setting `pad_token_id` to `eos_token_id`:2 for open-end generation.
      Turn 1: H=0.802, tokens=168
Setting `pad_token_id` to `eos_token_id`:2 for open-end generation.
      Turn 2: H=0.777, tokens=235
Setting `pad_token_id` to `eos_token_id`:2 for open-end generation.
      Turn 3: H=0.549, tokens=308
Setting `pad_token_id` to `eos_token_id`:2 for open-end generation.
      Turn 4: H=0.820, tokens=377
Setting `pad_token_id` to `eos_token_id`:2 for open-end generation.
      Turn 5: H=0.738, tokens=450
Setting `pad_token_id` to `eos_token_id`:2 for open-end generation.
      Turn 6: H=0.273, tokens=518
Setting `pad_token_id` to `eos_token_id`:2 for open-end generation.
      Turn 7: H=0.649, tokens=590
  Trial 7/10 (probe 1):
Setting `pad_token_id` to `eos_token_id`:2 for open-end generation.
      Turn 0: H=0.980, tokens=101
Setting `pad_token_id` to `eos_token_id`:2 for open-end generation.
      Turn 1: H=0.937, tokens=170
Setting `pad_token_id` to `eos_token_id`:2 for open-end generation.
      Turn 2: H=1.071, tokens=243
Setting `pad_token_id` to `eos_token_id`:2 for open-end generation.
      Turn 3: H=0.869, tokens=312
Setting `pad_token_id` to `eos_token_id`:2 for open-end generation.
      Turn 4: H=0.706, tokens=385
Setting `pad_token_id` to `eos_token_id`:2 for open-end generation.
      Turn 5: H=0.978, tokens=453
Setting `pad_token_id` to `eos_token_id`:2 for open-end generation.
      Turn 6: H=0.873, tokens=525
Setting `pad_token_id` to `eos_token_id`:2 for open-end generation.
      Turn 7: H=0.683, tokens=593
  Trial 8/10 (probe 2):
Setting `pad_token_id` to `eos_token_id`:2 for open-end generation.
      Turn 0: H=0.970, tokens=99
Setting `pad_token_id` to `eos_token_id`:2 for open-end generation.
      Turn 1: H=0.545, tokens=172
Setting `pad_token_id` to `eos_token_id`:2 for open-end generation.
      Turn 2: H=0.897, tokens=241
Setting `pad_token_id` to `eos_token_id`:2 for open-end generation.
      Turn 3: H=0.873, tokens=314
Setting `pad_token_id` to `eos_token_id`:2 for open-end generation.
      Turn 4: H=0.850, tokens=382
Setting `pad_token_id` to `eos_token_id`:2 for open-end generation.
      Turn 5: H=0.645, tokens=454
Setting `pad_token_id` to `eos_token_id`:2 for open-end generation.
      Turn 6: H=0.663, tokens=522
Setting `pad_token_id` to `eos_token_id`:2 for open-end generation.
      Turn 7: H=0.397, tokens=591
  Trial 9/10 (probe 3):
Setting `pad_token_id` to `eos_token_id`:2 for open-end generation.
      Turn 0: H=0.704, tokens=100
Setting `pad_token_id` to `eos_token_id`:2 for open-end generation.
      Turn 1: H=1.448, tokens=169
Setting `pad_token_id` to `eos_token_id`:2 for open-end generation.
      Turn 2: H=0.644, tokens=242
Setting `pad_token_id` to `eos_token_id`:2 for open-end generation.
      Turn 3: H=0.713, tokens=310
Setting `pad_token_id` to `eos_token_id`:2 for open-end generation.
      Turn 4: H=0.625, tokens=382
Setting `pad_token_id` to `eos_token_id`:2 for open-end generation.
      Turn 5: H=0.973, tokens=450
Setting `pad_token_id` to `eos_token_id`:2 for open-end generation.
      Turn 6: H=0.495, tokens=519
Setting `pad_token_id` to `eos_token_id`:2 for open-end generation.
      Turn 7: H=0.108, tokens=587
  Trial 10/10 (probe 4):
Setting `pad_token_id` to `eos_token_id`:2 for open-end generation.
      Turn 0: H=0.994, tokens=100
Setting `pad_token_id` to `eos_token_id`:2 for open-end generation.
      Turn 1: H=0.816, tokens=173
Setting `pad_token_id` to `eos_token_id`:2 for open-end generation.
      Turn 2: H=0.802, tokens=241
Setting `pad_token_id` to `eos_token_id`:2 for open-end generation.
      Turn 3: H=0.549, tokens=312
Setting `pad_token_id` to `eos_token_id`:2 for open-end generation.
      Turn 4: H=0.725, tokens=380
Setting `pad_token_id` to `eos_token_id`:2 for open-end generation.
      Turn 5: H=0.284, tokens=449
Setting `pad_token_id` to `eos_token_id`:2 for open-end generation.
      Turn 6: H=0.100, tokens=516
Setting `pad_token_id` to `eos_token_id`:2 for open-end generation.
      Turn 7: H=0.615, tokens=589

  Concentration at turn 2 (relay zone):
    L18: +0.997 (Δ=+0.002)
    L19: +0.966 (Δ=+0.033)
    L20: +0.598 (Δ=+0.025)
    L21: +0.619 (Δ=-0.032)
    L22: +0.908 (Δ=+0.098)
    L23: +0.925 (Δ=+0.018)
    L24: +0.929 (Δ=+0.017)
    L25: +0.931 (Δ=+0.017)
    L26: +0.934 (Δ=+0.015)
    L27: +0.938 (Δ=+0.015)
    L28: +0.943 (Δ=+0.013)
    L29: +0.944 (Δ=+0.012)
    L30: +0.951 (Δ=+0.010)
    L31: +0.270 (Δ=-0.668) ◄ DISRUPTED
    L32: +0.012 (Δ=+0.057)

============================================================
  CONDITION: zero_mlp_L31
============================================================
  Trial 1/10 (probe 0):
Setting `pad_token_id` to `eos_token_id`:2 for open-end generation.
      Turn 0: H=1.178, tokens=99
Setting `pad_token_id` to `eos_token_id`:2 for open-end generation.
      Turn 1: H=0.980, tokens=168
Setting `pad_token_id` to `eos_token_id`:2 for open-end generation.
      Turn 2: H=1.111, tokens=236
Setting `pad_token_id` to `eos_token_id`:2 for open-end generation.
      Turn 3: H=0.980, tokens=309
Setting `pad_token_id` to `eos_token_id`:2 for open-end generation.
      Turn 4: H=0.885, tokens=378
Setting `pad_token_id` to `eos_token_id`:2 for open-end generation.
      Turn 5: H=0.645, tokens=451
Setting `pad_token_id` to `eos_token_id`:2 for open-end generation.
      Turn 6: H=0.834, tokens=519
Setting `pad_token_id` to `eos_token_id`:2 for open-end generation.
      Turn 7: H=1.103, tokens=591
  Trial 2/10 (probe 1):
Setting `pad_token_id` to `eos_token_id`:2 for open-end generation.
      Turn 0: H=1.566, tokens=101
Setting `pad_token_id` to `eos_token_id`:2 for open-end generation.
      Turn 1: H=1.037, tokens=170
Setting `pad_token_id` to `eos_token_id`:2 for open-end generation.
      Turn 2: H=0.868, tokens=243
Setting `pad_token_id` to `eos_token_id`:2 for open-end generation.
      Turn 3: H=1.171, tokens=312
Setting `pad_token_id` to `eos_token_id`:2 for open-end generation.
      Turn 4: H=1.119, tokens=385
Setting `pad_token_id` to `eos_token_id`:2 for open-end generation.
      Turn 5: H=0.703, tokens=453
Setting `pad_token_id` to `eos_token_id`:2 for open-end generation.
      Turn 6: H=0.946, tokens=525
Setting `pad_token_id` to `eos_token_id`:2 for open-end generation.
      Turn 7: H=1.113, tokens=593
  Trial 3/10 (probe 2):
Setting `pad_token_id` to `eos_token_id`:2 for open-end generation.
      Turn 0: H=1.614, tokens=99
Setting `pad_token_id` to `eos_token_id`:2 for open-end generation.
      Turn 1: H=0.818, tokens=172
Setting `pad_token_id` to `eos_token_id`:2 for open-end generation.
      Turn 2: H=1.776, tokens=241
Setting `pad_token_id` to `eos_token_id`:2 for open-end generation.
      Turn 3: H=0.705, tokens=314
Setting `pad_token_id` to `eos_token_id`:2 for open-end generation.
      Turn 4: H=0.591, tokens=382
Setting `pad_token_id` to `eos_token_id`:2 for open-end generation.
      Turn 5: H=0.617, tokens=454
Setting `pad_token_id` to `eos_token_id`:2 for open-end generation.
      Turn 6: H=0.970, tokens=522
Setting `pad_token_id` to `eos_token_id`:2 for open-end generation.
      Turn 7: H=0.323, tokens=591
  Trial 4/10 (probe 3):
Setting `pad_token_id` to `eos_token_id`:2 for open-end generation.
      Turn 0: H=0.910, tokens=100
Setting `pad_token_id` to `eos_token_id`:2 for open-end generation.
      Turn 1: H=1.657, tokens=169
Setting `pad_token_id` to `eos_token_id`:2 for open-end generation.
      Turn 2: H=1.116, tokens=242
Setting `pad_token_id` to `eos_token_id`:2 for open-end generation.
      Turn 3: H=0.773, tokens=310
Setting `pad_token_id` to `eos_token_id`:2 for open-end generation.
      Turn 4: H=1.081, tokens=382
Setting `pad_token_id` to `eos_token_id`:2 for open-end generation.
      Turn 5: H=1.013, tokens=450
Setting `pad_token_id` to `eos_token_id`:2 for open-end generation.
      Turn 6: H=0.371, tokens=519
Setting `pad_token_id` to `eos_token_id`:2 for open-end generation.
      Turn 7: H=0.163, tokens=587
  Trial 5/10 (probe 4):
Setting `pad_token_id` to `eos_token_id`:2 for open-end generation.
      Turn 0: H=1.386, tokens=100
Setting `pad_token_id` to `eos_token_id`:2 for open-end generation.
      Turn 1: H=1.020, tokens=173
Setting `pad_token_id` to `eos_token_id`:2 for open-end generation.
      Turn 2: H=1.119, tokens=241
Setting `pad_token_id` to `eos_token_id`:2 for open-end generation.
      Turn 3: H=1.230, tokens=313
Setting `pad_token_id` to `eos_token_id`:2 for open-end generation.
      Turn 4: H=0.862, tokens=381
Setting `pad_token_id` to `eos_token_id`:2 for open-end generation.
      Turn 5: H=0.437, tokens=450
Setting `pad_token_id` to `eos_token_id`:2 for open-end generation.
      Turn 6: H=0.537, tokens=518
Setting `pad_token_id` to `eos_token_id`:2 for open-end generation.
      Turn 7: H=0.899, tokens=591
  Trial 6/10 (probe 0):
Setting `pad_token_id` to `eos_token_id`:2 for open-end generation.
      Turn 0: H=1.178, tokens=99
Setting `pad_token_id` to `eos_token_id`:2 for open-end generation.
      Turn 1: H=0.980, tokens=168
Setting `pad_token_id` to `eos_token_id`:2 for open-end generation.
      Turn 2: H=1.111, tokens=236
Setting `pad_token_id` to `eos_token_id`:2 for open-end generation.
      Turn 3: H=0.980, tokens=309
Setting `pad_token_id` to `eos_token_id`:2 for open-end generation.
      Turn 4: H=0.885, tokens=378
Setting `pad_token_id` to `eos_token_id`:2 for open-end generation.
      Turn 5: H=0.645, tokens=451
Setting `pad_token_id` to `eos_token_id`:2 for open-end generation.
      Turn 6: H=0.834, tokens=519
Setting `pad_token_id` to `eos_token_id`:2 for open-end generation.
      Turn 7: H=1.103, tokens=591
  Trial 7/10 (probe 1):
Setting `pad_token_id` to `eos_token_id`:2 for open-end generation.
      Turn 0: H=1.566, tokens=101
Setting `pad_token_id` to `eos_token_id`:2 for open-end generation.
      Turn 1: H=1.037, tokens=170
Setting `pad_token_id` to `eos_token_id`:2 for open-end generation.
      Turn 2: H=0.868, tokens=243
Setting `pad_token_id` to `eos_token_id`:2 for open-end generation.
      Turn 3: H=1.171, tokens=312
Setting `pad_token_id` to `eos_token_id`:2 for open-end generation.
      Turn 4: H=1.119, tokens=385
Setting `pad_token_id` to `eos_token_id`:2 for open-end generation.
      Turn 5: H=0.703, tokens=453
Setting `pad_token_id` to `eos_token_id`:2 for open-end generation.
      Turn 6: H=0.946, tokens=525
Setting `pad_token_id` to `eos_token_id`:2 for open-end generation.
      Turn 7: H=1.113, tokens=593
  Trial 8/10 (probe 2):
Setting `pad_token_id` to `eos_token_id`:2 for open-end generation.
      Turn 0: H=1.614, tokens=99
Setting `pad_token_id` to `eos_token_id`:2 for open-end generation.
      Turn 1: H=0.818, tokens=172
Setting `pad_token_id` to `eos_token_id`:2 for open-end generation.
      Turn 2: H=1.776, tokens=241
Setting `pad_token_id` to `eos_token_id`:2 for open-end generation.
      Turn 3: H=0.705, tokens=314
Setting `pad_token_id` to `eos_token_id`:2 for open-end generation.
      Turn 4: H=0.591, tokens=382
Setting `pad_token_id` to `eos_token_id`:2 for open-end generation.
      Turn 5: H=0.617, tokens=454
Setting `pad_token_id` to `eos_token_id`:2 for open-end generation.
      Turn 6: H=0.970, tokens=522
Setting `pad_token_id` to `eos_token_id`:2 for open-end generation.
      Turn 7: H=0.323, tokens=591
  Trial 9/10 (probe 3):
Setting `pad_token_id` to `eos_token_id`:2 for open-end generation.
      Turn 0: H=0.910, tokens=100
Setting `pad_token_id` to `eos_token_id`:2 for open-end generation.
      Turn 1: H=1.657, tokens=169
Setting `pad_token_id` to `eos_token_id`:2 for open-end generation.
      Turn 2: H=1.116, tokens=242
Setting `pad_token_id` to `eos_token_id`:2 for open-end generation.
      Turn 3: H=0.773, tokens=310
Setting `pad_token_id` to `eos_token_id`:2 for open-end generation.
      Turn 4: H=1.081, tokens=382
Setting `pad_token_id` to `eos_token_id`:2 for open-end generation.
      Turn 5: H=1.013, tokens=450
Setting `pad_token_id` to `eos_token_id`:2 for open-end generation.
      Turn 6: H=0.371, tokens=519
Setting `pad_token_id` to `eos_token_id`:2 for open-end generation.
      Turn 7: H=0.163, tokens=587
  Trial 10/10 (probe 4):
Setting `pad_token_id` to `eos_token_id`:2 for open-end generation.
      Turn 0: H=1.386, tokens=100
Setting `pad_token_id` to `eos_token_id`:2 for open-end generation.
      Turn 1: H=1.020, tokens=173
Setting `pad_token_id` to `eos_token_id`:2 for open-end generation.
      Turn 2: H=1.119, tokens=241
Setting `pad_token_id` to `eos_token_id`:2 for open-end generation.
      Turn 3: H=1.230, tokens=313
Setting `pad_token_id` to `eos_token_id`:2 for open-end generation.
      Turn 4: H=0.862, tokens=381
Setting `pad_token_id` to `eos_token_id`:2 for open-end generation.
      Turn 5: H=0.437, tokens=450
Setting `pad_token_id` to `eos_token_id`:2 for open-end generation.
      Turn 6: H=0.537, tokens=518
Setting `pad_token_id` to `eos_token_id`:2 for open-end generation.
      Turn 7: H=0.899, tokens=591

  Concentration at turn 2 (relay zone):
    L18: +0.996 (Δ=-0.000)
    L19: +0.913 (Δ=-0.020)
    L20: +0.616 (Δ=+0.042)
    L21: +0.650 (Δ=-0.000)
    L22: +0.703 (Δ=-0.107)
    L23: +0.291 (Δ=-0.615) ◄ DISRUPTED
    L24: +0.902 (Δ=-0.010)
    L25: +0.902 (Δ=-0.012)
    L26: +0.907 (Δ=-0.012)
    L27: +0.912 (Δ=-0.011)
    L28: +0.921 (Δ=-0.009)
    L29: +0.925 (Δ=-0.008)
    L30: +0.937 (Δ=-0.004)
    L31: +0.935 (Δ=-0.003)
    L32: +0.138 (Δ=+0.183)

============================================================
  CONDITION: zero_attn_L31
============================================================
  Trial 1/10 (probe 0):
Setting `pad_token_id` to `eos_token_id`:2 for open-end generation.
      Turn 0: H=1.124, tokens=99
Setting `pad_token_id` to `eos_token_id`:2 for open-end generation.
      Turn 1: H=1.021, tokens=168
Setting `pad_token_id` to `eos_token_id`:2 for open-end generation.
      Turn 2: H=1.252, tokens=236
Setting `pad_token_id` to `eos_token_id`:2 for open-end generation.
      Turn 3: H=0.835, tokens=309
Setting `pad_token_id` to `eos_token_id`:2 for open-end generation.
      Turn 4: H=0.486, tokens=378
Setting `pad_token_id` to `eos_token_id`:2 for open-end generation.
      Turn 5: H=0.750, tokens=451
Setting `pad_token_id` to `eos_token_id`:2 for open-end generation.
      Turn 6: H=0.693, tokens=519
Setting `pad_token_id` to `eos_token_id`:2 for open-end generation.
      Turn 7: H=0.708, tokens=591
  Trial 2/10 (probe 1):
Setting `pad_token_id` to `eos_token_id`:2 for open-end generation.
      Turn 0: H=1.213, tokens=101
Setting `pad_token_id` to `eos_token_id`:2 for open-end generation.
      Turn 1: H=1.490, tokens=170
Setting `pad_token_id` to `eos_token_id`:2 for open-end generation.
      Turn 2: H=1.284, tokens=243
Setting `pad_token_id` to `eos_token_id`:2 for open-end generation.
      Turn 3: H=1.667, tokens=312
Setting `pad_token_id` to `eos_token_id`:2 for open-end generation.
      Turn 4: H=1.035, tokens=385
Setting `pad_token_id` to `eos_token_id`:2 for open-end generation.
      Turn 5: H=0.634, tokens=453
Setting `pad_token_id` to `eos_token_id`:2 for open-end generation.
      Turn 6: H=1.123, tokens=525
Setting `pad_token_id` to `eos_token_id`:2 for open-end generation.
      Turn 7: H=1.365, tokens=593
  Trial 3/10 (probe 2):
Setting `pad_token_id` to `eos_token_id`:2 for open-end generation.
      Turn 0: H=1.638, tokens=99
Setting `pad_token_id` to `eos_token_id`:2 for open-end generation.
      Turn 1: H=1.468, tokens=172
Setting `pad_token_id` to `eos_token_id`:2 for open-end generation.
      Turn 2: H=1.790, tokens=241
Setting `pad_token_id` to `eos_token_id`:2 for open-end generation.
      Turn 3: H=1.101, tokens=314
Setting `pad_token_id` to `eos_token_id`:2 for open-end generation.
      Turn 4: H=1.256, tokens=382
Setting `pad_token_id` to `eos_token_id`:2 for open-end generation.
      Turn 5: H=1.336, tokens=454
Setting `pad_token_id` to `eos_token_id`:2 for open-end generation.
      Turn 6: H=1.560, tokens=521
Setting `pad_token_id` to `eos_token_id`:2 for open-end generation.
      Turn 7: H=0.467, tokens=590
  Trial 4/10 (probe 3):
Setting `pad_token_id` to `eos_token_id`:2 for open-end generation.
      Turn 0: H=1.102, tokens=100
Setting `pad_token_id` to `eos_token_id`:2 for open-end generation.
      Turn 1: H=1.767, tokens=169
Setting `pad_token_id` to `eos_token_id`:2 for open-end generation.
      Turn 2: H=1.178, tokens=242
Setting `pad_token_id` to `eos_token_id`:2 for open-end generation.
      Turn 3: H=1.284, tokens=310
Setting `pad_token_id` to `eos_token_id`:2 for open-end generation.
      Turn 4: H=1.206, tokens=382
Setting `pad_token_id` to `eos_token_id`:2 for open-end generation.
      Turn 5: H=1.269, tokens=450
Setting `pad_token_id` to `eos_token_id`:2 for open-end generation.
      Turn 6: H=1.147, tokens=519
Setting `pad_token_id` to `eos_token_id`:2 for open-end generation.
      Turn 7: H=0.723, tokens=587
  Trial 5/10 (probe 4):
Setting `pad_token_id` to `eos_token_id`:2 for open-end generation.
      Turn 0: H=1.323, tokens=100
Setting `pad_token_id` to `eos_token_id`:2 for open-end generation.
      Turn 1: H=1.595, tokens=173
Setting `pad_token_id` to `eos_token_id`:2 for open-end generation.
      Turn 2: H=1.226, tokens=241
Setting `pad_token_id` to `eos_token_id`:2 for open-end generation.
      Turn 3: H=1.263, tokens=313
Setting `pad_token_id` to `eos_token_id`:2 for open-end generation.
      Turn 4: H=1.388, tokens=381
Setting `pad_token_id` to `eos_token_id`:2 for open-end generation.
      Turn 5: H=0.892, tokens=450
Setting `pad_token_id` to `eos_token_id`:2 for open-end generation.
      Turn 6: H=0.522, tokens=518
Setting `pad_token_id` to `eos_token_id`:2 for open-end generation.
      Turn 7: H=1.103, tokens=591
  Trial 6/10 (probe 0):
Setting `pad_token_id` to `eos_token_id`:2 for open-end generation.
      Turn 0: H=1.124, tokens=99
Setting `pad_token_id` to `eos_token_id`:2 for open-end generation.
      Turn 1: H=1.021, tokens=168
Setting `pad_token_id` to `eos_token_id`:2 for open-end generation.
      Turn 2: H=1.252, tokens=236
Setting `pad_token_id` to `eos_token_id`:2 for open-end generation.
      Turn 3: H=0.835, tokens=309
Setting `pad_token_id` to `eos_token_id`:2 for open-end generation.
      Turn 4: H=0.486, tokens=378
Setting `pad_token_id` to `eos_token_id`:2 for open-end generation.
      Turn 5: H=0.750, tokens=451
Setting `pad_token_id` to `eos_token_id`:2 for open-end generation.
      Turn 6: H=0.693, tokens=519
Setting `pad_token_id` to `eos_token_id`:2 for open-end generation.
      Turn 7: H=0.708, tokens=591
  Trial 7/10 (probe 1):
Setting `pad_token_id` to `eos_token_id`:2 for open-end generation.
      Turn 0: H=1.213, tokens=101
Setting `pad_token_id` to `eos_token_id`:2 for open-end generation.
      Turn 1: H=1.490, tokens=170
Setting `pad_token_id` to `eos_token_id`:2 for open-end generation.
      Turn 2: H=1.284, tokens=243
Setting `pad_token_id` to `eos_token_id`:2 for open-end generation.
      Turn 3: H=1.667, tokens=312
Setting `pad_token_id` to `eos_token_id`:2 for open-end generation.
      Turn 4: H=1.035, tokens=385
Setting `pad_token_id` to `eos_token_id`:2 for open-end generation.
      Turn 5: H=0.634, tokens=453
Setting `pad_token_id` to `eos_token_id`:2 for open-end generation.
      Turn 6: H=1.123, tokens=525
Setting `pad_token_id` to `eos_token_id`:2 for open-end generation.
      Turn 7: H=1.365, tokens=593
  Trial 8/10 (probe 2):
Setting `pad_token_id` to `eos_token_id`:2 for open-end generation.
      Turn 0: H=1.638, tokens=99
Setting `pad_token_id` to `eos_token_id`:2 for open-end generation.
      Turn 1: H=1.468, tokens=172
Setting `pad_token_id` to `eos_token_id`:2 for open-end generation.
      Turn 2: H=1.790, tokens=241
Setting `pad_token_id` to `eos_token_id`:2 for open-end generation.
      Turn 3: H=1.101, tokens=314
Setting `pad_token_id` to `eos_token_id`:2 for open-end generation.
      Turn 4: H=1.256, tokens=382
Setting `pad_token_id` to `eos_token_id`:2 for open-end generation.
      Turn 5: H=1.336, tokens=454
Setting `pad_token_id` to `eos_token_id`:2 for open-end generation.
      Turn 6: H=1.560, tokens=521
Setting `pad_token_id` to `eos_token_id`:2 for open-end generation.
      Turn 7: H=0.467, tokens=590
  Trial 9/10 (probe 3):
Setting `pad_token_id` to `eos_token_id`:2 for open-end generation.
      Turn 0: H=1.102, tokens=100
Setting `pad_token_id` to `eos_token_id`:2 for open-end generation.
      Turn 1: H=1.767, tokens=169
Setting `pad_token_id` to `eos_token_id`:2 for open-end generation.
      Turn 2: H=1.178, tokens=242
Setting `pad_token_id` to `eos_token_id`:2 for open-end generation.
      Turn 3: H=1.284, tokens=310
Setting `pad_token_id` to `eos_token_id`:2 for open-end generation.
      Turn 4: H=1.206, tokens=382
Setting `pad_token_id` to `eos_token_id`:2 for open-end generation.
      Turn 5: H=1.269, tokens=450
Setting `pad_token_id` to `eos_token_id`:2 for open-end generation.
      Turn 6: H=1.147, tokens=519
Setting `pad_token_id` to `eos_token_id`:2 for open-end generation.
      Turn 7: H=0.723, tokens=587
  Trial 10/10 (probe 4):
Setting `pad_token_id` to `eos_token_id`:2 for open-end generation.
      Turn 0: H=1.323, tokens=100
Setting `pad_token_id` to `eos_token_id`:2 for open-end generation.
      Turn 1: H=1.595, tokens=173
Setting `pad_token_id` to `eos_token_id`:2 for open-end generation.
      Turn 2: H=1.226, tokens=241
Setting `pad_token_id` to `eos_token_id`:2 for open-end generation.
      Turn 3: H=1.263, tokens=313
Setting `pad_token_id` to `eos_token_id`:2 for open-end generation.
      Turn 4: H=1.388, tokens=381
Setting `pad_token_id` to `eos_token_id`:2 for open-end generation.
      Turn 5: H=0.892, tokens=450
Setting `pad_token_id` to `eos_token_id`:2 for open-end generation.
      Turn 6: H=0.522, tokens=518
Setting `pad_token_id` to `eos_token_id`:2 for open-end generation.
      Turn 7: H=1.103, tokens=591

  Concentration at turn 2 (relay zone):
    L18: +0.995 (Δ=-0.000)
    L19: +0.925 (Δ=-0.008)
    L20: +0.554 (Δ=-0.020)
    L21: +0.615 (Δ=-0.035)
    L22: +0.905 (Δ=+0.094)
    L23: +0.909 (Δ=+0.002)
    L24: +0.913 (Δ=+0.002)
    L25: +0.280 (Δ=-0.634) ◄ DISRUPTED
    L26: +0.917 (Δ=-0.002)
    L27: +0.921 (Δ=-0.002)
    L28: +0.928 (Δ=-0.002)
    L29: +0.930 (Δ=-0.002)
    L30: +0.939 (Δ=-0.001)
    L31: +0.941 (Δ=+0.003)
    L32: -0.032 (Δ=+0.013)

Results saved to /results/exp_mlp_gating_20260603_0231.json

============================================================
SUMMARY — Average concentration disruption by component
============================================================
  mlp: mean |Δ| = 0.0541
  attn: mean |Δ| = 0.0537
  L18: MLP |Δ|=0.1308  ATTN |Δ|=0.0244  → MLP
  L19: MLP |Δ|=0.1075  ATTN |Δ|=0.0310  → MLP
  L20: MLP |Δ|=0.0226  ATTN |Δ|=0.0393  → ATTN
  L21: MLP |Δ|=0.0338  ATTN |Δ|=0.1153  → ATTN
  L22: MLP |Δ|=0.0410  ATTN |Δ|=0.0776  → ATTN
  L23: MLP |Δ|=0.0714  ATTN |Δ|=0.0277  → MLP
  L24: MLP |Δ|=0.0799  ATTN |Δ|=0.0722  → MLP
  L25: MLP |Δ|=0.0175  ATTN |Δ|=0.0189  → ATTN
  L26: MLP |Δ|=0.0226  ATTN |Δ|=0.0182  → MLP
  L27: MLP |Δ|=0.0153  ATTN |Δ|=0.1084  → ATTN
  L28: MLP |Δ|=0.1035  ATTN |Δ|=0.0387  → MLP
  L29: MLP |Δ|=0.0148  ATTN |Δ|=0.0356  → ATTN
  L30: MLP |Δ|=0.0273  ATTN |Δ|=0.0783  → ATTN
  L31: MLP |Δ|=0.0695  ATTN |Δ|=0.0667  → MLP

Finished: 2026-06-03T02:35:41.002315
